zona,id,nombre_comercial,tipo_taller,unidad,municipio,estado,cp,numero_siniestro,costo_total_siniestro,costo_total_refacciones,costo_total_mano_obra,otros_costos,numero_total_refacciones,numero_complementos,dias_estadia,mes_conclusion_siniestro,año_conclusion_siniestro,vehiculo,marca,anio_modelo,taller_exclusivo,
Guadalajara,2,TALLER DE CARROCERIA Y PINTURA  2,MULTIMARCAS,Equipo pesado,GUADALAJARA,JALISCO,44960,93877302," $13,781.00 "," $12,206 "," $1,575 ", $-   ,10.00,0,54,11,2023,Attitude,Dodge,2019,SI,
Guadalajara,2,TALLER DE CARROCERIA Y PINTURA  2,MULTIMARCAS,Equipo pesado,GUADALAJARA,JALISCO,44960,69775221," $7,820.00 "," $5,405 "," $2,415 ", $-   ,4.00,2,42,11,2023,Versa,Nissan,2017,SI,
Guadalajara,2,TALLER DE CARROCERIA Y PINTURA  2,MULTIMARCAS,Equipo pesado,GUADALAJARA,JALISCO,44960,74009096," $16,231.00 "," $16,051 ", $180 , $-   ,12.00,0,51,11,2023,Fusion,Ford,2019,SI,
Guadalajara,2,TALLER DE CARROCERIA Y PINTURA  2,MULTIMARCAS,Equipo pesado,GUADALAJARA,JALISCO,44960,23930302," $3,783.00 "," $3,423 ", $360 , $-   ,3.00,0,3,10,2023,HILUX,Toyota,2023,SI,
Guadalajara,2,TALLER DE CARROCERIA Y PINTURA  2,MULTIMARCAS,Equipo pesado,GUADALAJARA,JALISCO,44960,13836996," $50,200.00 "," $41,980 "," $8,220 ", $-   ,26.00,1,11,10,2023,Versa,Nissan,2012,SI,
Guadalajara,2,TALLER DE CARROCERIA Y PINTURA  2,MULTIMARCAS,Equipo pesado,GUADALAJARA,JALISCO,44960,60323568," $15,535.00 "," $11,260 "," $4,275 ", $-   ,25.00,1,1,10,2023,Aveo,Chevrolet,2016,SI,
Guadalajara,2,TALLER DE CARROCERIA Y PINTURA  2,MULTIMARCAS,Equipo pesado,GUADALAJARA,JALISCO,44960,42757111," $5,537.00 "," $5,477 ", $60 , $-   ,12.00,1,1,10,2023,Sienna,Toyota,2016,SI,
Mexico,4,TALLER DE CARROCERIA Y PINTURA  4,MULTIMARCAS,Motos,BENITO JUAREZ,CIUDAD DE MEXICO,3400,94546817," $4,637.00 "," $2,402 "," $2,235 ", $-   ,8.00,0,,10,2023,MKX,Lincoln,2007,SI,
Mexico,4,TALLER DE CARROCERIA Y PINTURA  4,MULTIMARCAS,Motos,BENITO JUAREZ,CIUDAD DE MEXICO,3400,30522231," $21,265.00 "," $16,900 "," $4,365 ", $-   ,10.00,1,27,10,2023,Hilux,Toyota,2014,SI,
Mexico,4,TALLER DE CARROCERIA Y PINTURA  4,MULTIMARCAS,Motos,BENITO JUAREZ,CIUDAD DE MEXICO,3400,98263893," $2,590.00 "," $1,390 "," $1,200 ", $-   ,2.00,2,0,12,2023,Spark,Chevrolet,2013,SI,
Mexico,4,TALLER DE CARROCERIA Y PINTURA  4,MULTIMARCAS,Motos,BENITO JUAREZ,CIUDAD DE MEXICO,3400,52908237," $6,725.00 "," $4,145 "," $2,580 ", $-   ,7.00,0,7,11,2023,Ibiza,SEAT,2023,SI,
Mexico,4,TALLER DE CARROCERIA Y PINTURA  4,MULTIMARCAS,Motos,BENITO JUAREZ,CIUDAD DE MEXICO,3400,73556135," $21,791.00 "," $20,171 "," $1,620 ", $-   ,15.00,2,17,10,2023,Escape,Ford,2017,SI,
Mexico,4,TALLER DE CARROCERIA Y PINTURA  4,MULTIMARCAS,Motos,BENITO JUAREZ,CIUDAD DE MEXICO,3400,78779542, $888.14 , $618 , $270 , $-   ,4.00,0,5,10,2023,Ibiza,SEAT,2020,SI,
Mexico,4,TALLER DE CARROCERIA Y PINTURA  4,MULTIMARCAS,Motos,BENITO JUAREZ,CIUDAD DE MEXICO,3400,99083066," $7,867.00 "," $5,257 "," $2,610 ", $-   ,17.00,2,74,12,2023,Yaris,Toyota,2007,SI,
Mexico,4,TALLER DE CARROCERIA Y PINTURA  4,MULTIMARCAS,Motos,BENITO JUAREZ,CIUDAD DE MEXICO,3400,64123435," $6,330.00 "," $4,650 "," $1,680 ", $-   ,6.00,0,17,10,2023,Tornado,Chevrolet,2020,SI,
Mexico,4,TALLER DE CARROCERIA Y PINTURA  4,MULTIMARCAS,Motos,BENITO JUAREZ,CIUDAD DE MEXICO,3400,63914328," $38,475.00 "," $37,050 "," $1,425 ", $-   ,8.00,3,25,10,2023,Beat,Chevrolet,2019,SI,
Culiacan,10,TALLER DE CARROCERIA Y PINTURA  10,AGENCIA,Multimarca ,LOS MOCHIS,SINALOA,81280,24862877," $9,650.00 "," $8,870 ", $780 , $-   ,8.00,3,23,10,2023,Jetta,Volkswagen,2016,SI,
Culiacan,10,TALLER DE CARROCERIA Y PINTURA  10,AGENCIA,Multimarca ,LOS MOCHIS,SINALOA,81280,21683284," $6,945.00 "," $3,240 "," $3,705 ", $-   ,19.00,0,8,10,2023,hilux,Toyota,2022,SI,
Culiacan,10,TALLER DE CARROCERIA Y PINTURA  10,AGENCIA,Multimarca ,LOS MOCHIS,SINALOA,81280,92741430," $174,078.00 "," $166,060 "," $8,018 ", $-   ,1.00,2,33,12,2023,Transpoter,Volkswagen,2017,SI,
Monterrey,1,TALLER DE CARROCERIA Y PINTURA  1,MULTIMARCAS,Taller,MONTERREY,NUEVO LEON,64280,39786787," $25,549.32 "," $16,993 "," $8,557 ", $-   ,6.00,1,6,11,2023,Polo,Volkswagen,2015,SI,
Monterrey,1,TALLER DE CARROCERIA Y PINTURA  1,MULTIMARCAS,Taller,MONTERREY,NUEVO LEON,64280,53905282," $2,980.00 "," $2,185 ", $795 , $-   ,2.00,1,25,10,2023,Figo,Ford,2016,SI,
Monterrey,1,TALLER DE CARROCERIA Y PINTURA  1,MULTIMARCAS,Taller,MONTERREY,NUEVO LEON,64280,89903971," $6,794.50 "," $4,980 "," $1,815 ", $-   ,8.00,1,,10,2023,Ranger,Ford,2005,SI,
Monterrey,1,TALLER DE CARROCERIA Y PINTURA  1,MULTIMARCAS,Taller,MONTERREY,NUEVO LEON,64280,79287267," $38,625.00 "," $29,700 "," $8,925 ", $-   ,11.00,0,2,11,2023,Fiesta,Ford,2013,SI,
Monterrey,1,TALLER DE CARROCERIA Y PINTURA  1,MULTIMARCAS,Taller,MONTERREY,NUEVO LEON,64280,52660074," $10,075.00 "," $8,005 "," $2,070 ", $-   ,12.00,2,22,10,2023,Sei3,JAC,2022,SI,
Monterrey,1,TALLER DE CARROCERIA Y PINTURA  1,MULTIMARCAS,Taller,MONTERREY,NUEVO LEON,64280,84345722," $9,150.00 "," $7,590 "," $1,560 ", $-   ,13.00,0,27,12,2023,Trax,Chevrolet,2020,SI,
Monterrey,1,TALLER DE CARROCERIA Y PINTURA  1,MULTIMARCAS,Taller,MONTERREY,NUEVO LEON,64280,12663624," $2,920.00 "," $1,740 "," $1,180 ", $-   ,9.00,1,23,10,2023,polo,Volkswagen,2020,SI,
Monterrey,3,TALLER DE CARROCERIA Y PINTURA  3,MULTIMARCAS,Taller,MONTERREY,NUEVO LEON,64830,38165337," $7,426.68 "," $5,567 "," $1,860 ", $-   ,7.00,3,40,10,2023,Ranger,Ford,2022,SI,
Monterrey,3,TALLER DE CARROCERIA Y PINTURA  3,MULTIMARCAS,Taller,MONTERREY,NUEVO LEON,64830,49521396," $98,670.00 "," $97,380 "," $1,290 ", $-   ,8.00,1,18,10,2023,Vento,Volkswagen,2016,SI,
Monterrey,3,TALLER DE CARROCERIA Y PINTURA  3,MULTIMARCAS,Taller,MONTERREY,NUEVO LEON,64830,46014568," $36,435.00 "," $32,430 "," $4,005 ", $-   ,9.00,0,1,10,2023,Prius v,Toyota,2016,SI,
Monterrey,3,TALLER DE CARROCERIA Y PINTURA  3,MULTIMARCAS,Taller,MONTERREY,NUEVO LEON,64830,40697057," $37,973.99 "," $35,149 "," $2,825 ", $-   ,9.00,1,28,10,2023,Np300,Nissan,2018,SI,
Monterrey,3,TALLER DE CARROCERIA Y PINTURA  3,MULTIMARCAS,Taller,MONTERREY,NUEVO LEON,64830,91349923," $15,435.00 "," $15,270 ", $165 , $-   ,3.00,3,40,10,2023,Tsuru,Nissan,2005,SI,
Monterrey,3,TALLER DE CARROCERIA Y PINTURA  3,MULTIMARCAS,Taller,MONTERREY,NUEVO LEON,64830,65945129," $15,691.00 "," $14,821 ", $870 , $-   ,7.00,0,5,10,2023,Focus,Ford,2010,SI,
Monterrey,3,TALLER DE CARROCERIA Y PINTURA  3,MULTIMARCAS,Taller,MONTERREY,NUEVO LEON,64830,65072395," $10,105.00 "," $8,470 "," $1,635 ", $-   ,7.00,1,1,10,2023,Aveo,Chevrolet,2011,SI,
Monterrey,3,TALLER DE CARROCERIA Y PINTURA  3,MULTIMARCAS,Taller,MONTERREY,NUEVO LEON,64830,96767220," $3,380.00 "," $1,445 "," $1,935 ", $-   ,10.00,0,0,11,2023,POLO,Volkswagen,2015,SI,
Merida,5,TALLER DE CARROCERIA Y PINTURA  5,AGENCIA,Taller,SAN CRISTOBAL DE LAS CASAS,CHIAPAS,29000,28848294," $3,648.00 ", $228 ," $3,420 ", $-   ,10.00,1,39,11,2023,Attitude,Dodge,2019,SI,
Merida,5,TALLER DE CARROCERIA Y PINTURA  5,AGENCIA,Taller,SAN CRISTOBAL DE LAS CASAS,CHIAPAS,29000,16505830," $11,105.00 "," $6,690 "," $4,415 ", $-   ,9.00,1,,11,2023,Versa,Nissan,2017,SI,
Merida,5,TALLER DE CARROCERIA Y PINTURA  5,AGENCIA,Taller,SAN CRISTOBAL DE LAS CASAS,CHIAPAS,29000,13139839, $960.00 , $510 , $450 , $-   ,2.00,0,7,10,2023,Fusion,Ford,2019,SI,
Merida,5,TALLER DE CARROCERIA Y PINTURA  5,AGENCIA,Taller,SAN CRISTOBAL DE LAS CASAS,CHIAPAS,29000,70734571," $15,065.00 "," $11,090 "," $3,975 ", $-   ,18.00,0,0,10,2023,HILUX,Toyota,2023,SI,
Merida,5,TALLER DE CARROCERIA Y PINTURA  5,AGENCIA,Taller,SAN CRISTOBAL DE LAS CASAS,CHIAPAS,29000,19218273," $19,950.00 "," $18,300 "," $1,650 ", $-   ,9.00,4,30,10,2023,Versa,Nissan,2012,SI,
Merida,5,TALLER DE CARROCERIA Y PINTURA  5,AGENCIA,Taller,SAN CRISTOBAL DE LAS CASAS,CHIAPAS,29000,79985503," $12,831.09 "," $12,619 ", $213 , $-   ,3.00,0,0,11,2023,Aveo,Chevrolet,2016,SI,
Merida,5,TALLER DE CARROCERIA Y PINTURA  5,AGENCIA,Taller,SAN CRISTOBAL DE LAS CASAS,CHIAPAS,29000,18936998," $38,290.00 "," $35,000 "," $3,290 ", $-   ,11.00,0,0,10,2023,Sienna,Toyota,2016,SI,
Merida,5,TALLER DE CARROCERIA Y PINTURA  5,AGENCIA,Taller,SAN CRISTOBAL DE LAS CASAS,CHIAPAS,29000,55429377," $65,041.51 "," $62,422 "," $2,620 ", $-   ,12.00,0,,12,2023,MKX,Lincoln,2007,SI,
Merida,5,TALLER DE CARROCERIA Y PINTURA  5,AGENCIA,Taller,SAN CRISTOBAL DE LAS CASAS,CHIAPAS,29000,86592658," $6,575.00 "," $4,825 "," $1,750 ", $-   ,16.00,1,36,11,2023,Hilux,Toyota,2014,SI,
Merida,5,TALLER DE CARROCERIA Y PINTURA  5,AGENCIA,Taller,SAN CRISTOBAL DE LAS CASAS,CHIAPAS,29000,37193066," $2,035.00 "," $1,960 ", $75 , $-   ,1.00,0,59,12,2023,Spark,Chevrolet,2013,SI,
Merida,5,TALLER DE CARROCERIA Y PINTURA  5,AGENCIA,Taller,SAN CRISTOBAL DE LAS CASAS,CHIAPAS,29000,75120165," $8,180.00 "," $4,130 "," $4,050 ", $-   ,15.00,1,,10,2023,Ibiza,SEAT,2023,SI,
Merida,5,TALLER DE CARROCERIA Y PINTURA  5,AGENCIA,Taller,SAN CRISTOBAL DE LAS CASAS,CHIAPAS,29000,30823818," $9,230.00 "," $5,780 "," $3,450 ", $-   ,14.00,0,0,11,2023,Escape,Ford,2017,SI,
Merida,5,TALLER DE CARROCERIA Y PINTURA  5,AGENCIA,Taller,SAN CRISTOBAL DE LAS CASAS,CHIAPAS,29000,61037307," $19,800.00 "," $16,000 "," $3,800 ", $-   ,9.00,0,0,12,2023,Ibiza,SEAT,2020,SI,
Tabasco,6,TALLER DE CARROCERIA Y PINTURA  6,MULTIMARCAS,Taller,CENTRO,TABASCO,86190,99012008," $3,949.00 "," $2,914 "," $1,035 ", $-   ,8.00,1,17,10,2023,Yaris,Toyota,2007,SI,
Tabasco,6,TALLER DE CARROCERIA Y PINTURA  6,MULTIMARCAS,Taller,CENTRO,TABASCO,86190,10385696," $20,860.00 "," $17,260 "," $3,600 ", $-   ,15.00,0,0,11,2023,Tornado,Chevrolet,2020,SI,
Tabasco,6,TALLER DE CARROCERIA Y PINTURA  6,MULTIMARCAS,Taller,CENTRO,TABASCO,86190,12901890," $21,086.99 "," $20,802 ", $285 , $-   ,6.00,3,87,11,2023,Beat,Chevrolet,2019,SI,
Tabasco,6,TALLER DE CARROCERIA Y PINTURA  6,MULTIMARCAS,Taller,CENTRO,TABASCO,86190,21923252," $5,089.00 "," $3,124 "," $1,965 ", $-   ,6.00,0,7,10,2023,Jetta,Volkswagen,2016,SI,
Tabasco,6,TALLER DE CARROCERIA Y PINTURA  6,MULTIMARCAS,Taller,CENTRO,TABASCO,86190,36661908," $2,763.00 ", $888 ," $1,875 ", $-   ,4.00,0,14,10,2023,hilux,Toyota,2022,SI,
Tabasco,6,TALLER DE CARROCERIA Y PINTURA  6,MULTIMARCAS,Taller,CENTRO,TABASCO,86190,33069504," $12,545.00 "," $5,420 "," $7,125 ", $-   ,13.00,0,3,12,2023,Transpoter,Volkswagen,2017,SI,
Tabasco,6,TALLER DE CARROCERIA Y PINTURA  6,MULTIMARCAS,Taller,CENTRO,TABASCO,86190,83283803," $12,338.00 "," $8,693 "," $3,645 ", $-   ,13.00,0,1,10,2023,Polo,Volkswagen,2015,SI,
Queretaro,7,TALLER DE CARROCERIA Y PINTURA  7,MULTIMARCAS,Taller,SAN JUAN DEL RIO,QUERETARO,76800,81989135," $14,195.00 "," $8,885 "," $5,310 ", $-   ,10.00,1,39,10,2023,Figo,Ford,2016,SI,
Queretaro,7,TALLER DE CARROCERIA Y PINTURA  7,MULTIMARCAS,Taller,SAN JUAN DEL RIO,QUERETARO,76800,67627591," $18,134.00 "," $16,409 "," $1,725 ", $-   ,8.00,1,25,10,2023,Ranger,Ford,2005,SI,
Queretaro,7,TALLER DE CARROCERIA Y PINTURA  7,MULTIMARCAS,Taller,SAN JUAN DEL RIO,QUERETARO,76800,97941330," $13,180.00 "," $10,210 "," $2,970 ", $-   ,13.00,0,8,10,2023,Fiesta,Ford,2013,SI,
Queretaro,7,TALLER DE CARROCERIA Y PINTURA  7,MULTIMARCAS,Taller,SAN JUAN DEL RIO,QUERETARO,76800,46335867," $25,630.40 "," $22,285 "," $3,345 ", $-   ,11.00,2,26,11,2023,Sei3,JAC,2022,SI,
Queretaro,7,TALLER DE CARROCERIA Y PINTURA  7,MULTIMARCAS,Taller,SAN JUAN DEL RIO,QUERETARO,76800,17528305," $16,168.00 "," $14,173 "," $1,995 ", $-   ,8.00,0,6,10,2023,Trax,Chevrolet,2020,SI,
Puebla,8,TALLER DE CARROCERIA Y PINTURA  8,MULTIMARCAS,Taller,TEHUACAN,PUEBLA,75794,12806258," $6,118.00 "," $4,963 "," $1,155 ", $-   ,9.00,1,3,11,2023,polo,Volkswagen,2020,SI,
Puebla,8,TALLER DE CARROCERIA Y PINTURA  8,MULTIMARCAS,Taller,TEHUACAN,PUEBLA,75794,38943871," $23,600.00 "," $23,180 ", $420 , $-   ,4.00,2,38,10,2023,Ranger,Ford,2022,SI,
Puebla,8,TALLER DE CARROCERIA Y PINTURA  8,MULTIMARCAS,Taller,TEHUACAN,PUEBLA,75794,97057499," $33,495.00 "," $32,475 "," $1,020 ", $-   ,15.00,0,2,10,2023,Vento,Volkswagen,2016,SI,
Puebla,8,TALLER DE CARROCERIA Y PINTURA  8,MULTIMARCAS,Taller,TEHUACAN,PUEBLA,75794,50260752," $16,494.00 "," $13,749 "," $2,745 ", $-   ,18.00,1,54,10,2023,Prius v,Toyota,2016,SI,
Puebla,8,TALLER DE CARROCERIA Y PINTURA  8,MULTIMARCAS,Taller,TEHUACAN,PUEBLA,75794,11053827," $5,090.00 "," $2,290 "," $2,800 ", $-   ,4.00,0,1,10,2023,Np300,Nissan,2018,SI,
Puebla,8,TALLER DE CARROCERIA Y PINTURA  8,MULTIMARCAS,Taller,TEHUACAN,PUEBLA,75794,46641604," $9,026.00 "," $5,021 "," $4,005 ", $-   ,5.00,0,19,10,2023,Tsuru,Nissan,2005,SI,
Puebla,8,TALLER DE CARROCERIA Y PINTURA  8,MULTIMARCAS,Taller,TEHUACAN,PUEBLA,75794,92461015," $9,572.00 "," $7,007 "," $2,565 ", $-   ,10.00,0,2,10,2023,Focus,Ford,2010,SI,
Veracruz,9,TALLER DE CARROCERIA Y PINTURA  9,MULTIMARCAS,Taller,VERACRUZ,VERACRUZ,91728,79706521," $6,180.00 "," $6,180 ",  , $-   ,5.00,0,,10,2023,Aveo,Chevrolet,2011,SI,
Veracruz,9,TALLER DE CARROCERIA Y PINTURA  9,MULTIMARCAS,Taller,VERACRUZ,VERACRUZ,91728,81903182," $16,501.00 "," $12,391 "," $4,110 ", $-   ,23.00,2,42,10,2023,POLO,Volkswagen,2015,SI,
Veracruz,9,TALLER DE CARROCERIA Y PINTURA  9,MULTIMARCAS,Taller,VERACRUZ,VERACRUZ,91728,16343164," $11,695.00 "," $8,560 "," $3,135 ", $-   ,9.00,0,3,10,2023,Attitude,Dodge,2019,SI,
Veracruz,9,TALLER DE CARROCERIA Y PINTURA  9,MULTIMARCAS,Taller,VERACRUZ,VERACRUZ,91728,45753658," $8,530.00 "," $6,100 "," $2,430 ", $-   ,9.00,0,1,10,2023,Versa,Nissan,2017,SI,
Veracruz,9,TALLER DE CARROCERIA Y PINTURA  9,MULTIMARCAS,Taller,VERACRUZ,VERACRUZ,91728,75619477," $4,640.00 "," $4,115 ", $525 , $-   ,7.00,0,0,11,2023,Fusion,Ford,2019,SI,
Veracruz,9,TALLER DE CARROCERIA Y PINTURA  9,MULTIMARCAS,Taller,VERACRUZ,VERACRUZ,91728,16080627," $34,125.00 "," $29,685 "," $4,440 ", $-   ,11.00,3,16,10,2023,HILUX,Toyota,2023,SI,
Veracruz,9,TALLER DE CARROCERIA Y PINTURA  9,MULTIMARCAS,Taller,VERACRUZ,VERACRUZ,91728,90915482," $9,831.00 "," $8,286 "," $1,545 ", $-   ,9.00,0,86,12,2023,Versa,Nissan,2012,SI,
Veracruz,9,TALLER DE CARROCERIA Y PINTURA  9,MULTIMARCAS,Taller,VERACRUZ,VERACRUZ,91728,10176481," $2,581.00 "," $2,101 ", $480 , $-   ,5.00,0,0,11,2023,Aveo,Chevrolet,2016,SI,
Veracruz,9,TALLER DE CARROCERIA Y PINTURA  9,MULTIMARCAS,Taller,VERACRUZ,VERACRUZ,91728,66575050," $44,650.00 "," $38,350 "," $6,300 ", $-   ,24.00,1,22,11,2023,Sienna,Toyota,2016,SI,
Veracruz,9,TALLER DE CARROCERIA Y PINTURA  9,MULTIMARCAS,Taller,VERACRUZ,VERACRUZ,91728,47116364," $14,920.00 "," $12,580 "," $2,340 ", $-   ,9.00,0,0,12,2023,MKX,Lincoln,2007,SI,
Veracruz,9,TALLER DE CARROCERIA Y PINTURA  9,MULTIMARCAS,Taller,VERACRUZ,VERACRUZ,91728,68212709, $750.00 ,  , $750 , $-   ,1.00,1,0,10,2023,Hilux,Toyota,2014,SI,
Veracruz,9,TALLER DE CARROCERIA Y PINTURA  9,MULTIMARCAS,Taller,VERACRUZ,VERACRUZ,91728,46020217," $7,489.00 "," $6,664 ", $825 , $-   ,8.00,0,2,10,2023,Spark,Chevrolet,2013,SI,
Veracruz,9,TALLER DE CARROCERIA Y PINTURA  9,MULTIMARCAS,Taller,VERACRUZ,VERACRUZ,91728,56805999," $7,631.00 "," $4,451 "," $3,180 ", $-   ,13.00,0,46,10,2023,Ibiza,SEAT,2023,SI,
Veracruz,9,TALLER DE CARROCERIA Y PINTURA  9,MULTIMARCAS,Taller,VERACRUZ,VERACRUZ,91728,89818235," $6,625.00 "," $3,550 "," $3,075 ", $-   ,10.00,0,4,10,2023,Escape,Ford,2017,SI,
Veracruz,9,TALLER DE CARROCERIA Y PINTURA  9,MULTIMARCAS,Taller,VERACRUZ,VERACRUZ,91728,43381031," $45,537.60 "," $38,038 "," $7,500 ", $-   ,11.00,3,79,11,2023,Ibiza,SEAT,2020,SI,
Veracruz,9,TALLER DE CARROCERIA Y PINTURA  9,MULTIMARCAS,Taller,VERACRUZ,VERACRUZ,91728,61915199," $4,500.00 "," $3,180 "," $1,320 ", $-   ,8.00,0,0,10,2023,Yaris,Toyota,2007,SI,
Veracruz,9,TALLER DE CARROCERIA Y PINTURA  9,MULTIMARCAS,Taller,VERACRUZ,VERACRUZ,91728,44295905," $9,815.00 "," $8,540 "," $1,275 ", $-   ,6.00,1,81,10,2023,Tornado,Chevrolet,2020,SI,
Veracruz,9,TALLER DE CARROCERIA Y PINTURA  9,MULTIMARCAS,Taller,VERACRUZ,VERACRUZ,91728,68095551," $31,150.00 "," $28,210 "," $2,940 ", $-   ,13.00,2,112,12,2023,Beat,Chevrolet,2019,SI,
Veracruz,9,TALLER DE CARROCERIA Y PINTURA  9,MULTIMARCAS,Taller,VERACRUZ,VERACRUZ,91728,19429003," $1,130.00 "," $1,010 ", $120 , $-   ,1.00,0,1,11,2023,Jetta,Volkswagen,2016,SI,
Veracruz,9,TALLER DE CARROCERIA Y PINTURA  9,MULTIMARCAS,Taller,VERACRUZ,VERACRUZ,91728,30562940," $9,265.00 "," $8,380 ", $885 , $-   ,9.00,0,4,10,2023,hilux,Toyota,2022,SI,
Veracruz,9,TALLER DE CARROCERIA Y PINTURA  9,MULTIMARCAS,Taller,VERACRUZ,VERACRUZ,91728,63515846," $14,640.00 "," $11,610 "," $3,030 ", $-   ,9.00,1,18,12,2023,Transpoter,Volkswagen,2017,SI,
Veracruz,9,TALLER DE CARROCERIA Y PINTURA  9,MULTIMARCAS,Taller,VERACRUZ,VERACRUZ,91728,17636206," $2,666.00 "," $1,691 ", $975 , $-   ,6.00,0,4,10,2023,Polo,Volkswagen,2015,SI,
Veracruz,9,TALLER DE CARROCERIA Y PINTURA  9,MULTIMARCAS,Taller,VERACRUZ,VERACRUZ,91728,39106110," $10,880.00 "," $8,840 "," $2,040 ", $-   ,16.00,0,0,10,2023,Figo,Ford,2016,SI,
Veracruz,9,TALLER DE CARROCERIA Y PINTURA  9,MULTIMARCAS,Taller,VERACRUZ,VERACRUZ,91728,54353752," $7,765.00 "," $3,850 "," $3,915 ", $-   ,18.00,1,24,12,2023,Ranger,Ford,2005,SI,
Veracruz,9,TALLER DE CARROCERIA Y PINTURA  9,MULTIMARCAS,Taller,VERACRUZ,VERACRUZ,91728,67740937," $29,669.00 "," $25,274 "," $4,395 ", $-   ,27.00,2,124,12,2023,Fiesta,Ford,2013,SI,
Veracruz,9,TALLER DE CARROCERIA Y PINTURA  9,MULTIMARCAS,Taller,VERACRUZ,VERACRUZ,91728,82742090," $23,477.00 "," $11,237 "," $12,240 ", $-   ,8.00,0,3,10,2023,Sei3,JAC,2022,SI,
Veracruz,9,TALLER DE CARROCERIA Y PINTURA  9,MULTIMARCAS,Taller,VERACRUZ,VERACRUZ,91728,34049710," $14,495.00 "," $10,430 "," $4,065 ", $-   ,8.00,0,0,10,2023,Trax,Chevrolet,2020,SI,
Veracruz,9,TALLER DE CARROCERIA Y PINTURA  9,MULTIMARCAS,Taller,VERACRUZ,VERACRUZ,91728,61151493," $12,521.00 "," $9,146 "," $3,375 ", $-   ,4.00,1,96,10,2023,polo,Volkswagen,2020,SI,
Veracruz,9,TALLER DE CARROCERIA Y PINTURA  9,MULTIMARCAS,Taller,VERACRUZ,VERACRUZ,91728,34364541," $15,935.00 "," $12,200 "," $3,735 ", $-   ,8.00,0,0,10,2023,Ranger,Ford,2022,SI,
Veracruz,9,TALLER DE CARROCERIA Y PINTURA  9,MULTIMARCAS,Taller,VERACRUZ,VERACRUZ,91728,20190399," $36,600.00 "," $35,655 ", $945 , $-   ,20.00,2,51,10,2023,Vento,Volkswagen,2016,SI,
Veracruz,9,TALLER DE CARROCERIA Y PINTURA  9,MULTIMARCAS,Taller,VERACRUZ,VERACRUZ,91728,34250101," $18,368.00 "," $15,623 "," $2,745 ", $-   ,16.00,1,63,10,2023,Prius v,Toyota,2016,SI,
Guadalajara,2,TALLER DE CARROCERIA Y PINTURA  2,MULTIMARCAS,Equipo pesado,GUADALAJARA,JALISCO,44960,93877302," $19,571.00 "," $12,956 "," $6,615 ", $-   ,29.00,1,132,12,2023,Np300,Nissan,2018,SI,
Guadalajara,2,TALLER DE CARROCERIA Y PINTURA  2,MULTIMARCAS,Equipo pesado,GUADALAJARA,JALISCO,44960,69775221," $5,099.00 "," $3,869 "," $1,230 ", $-   ,8.00,0,0,10,2023,Tsuru,Nissan,2005,SI,
Guadalajara,2,TALLER DE CARROCERIA Y PINTURA  2,MULTIMARCAS,Equipo pesado,GUADALAJARA,JALISCO,44960,74009096," $6,812.00 "," $4,787 "," $2,025 ", $-   ,11.00,1,60,10,2023,Focus,Ford,2010,SI,
Guadalajara,2,TALLER DE CARROCERIA Y PINTURA  2,MULTIMARCAS,Equipo pesado,GUADALAJARA,JALISCO,44960,23930302," $8,879.00 "," $5,189 "," $3,690 ", $-   ,17.00,1,50,10,2023,Aveo,Chevrolet,2011,SI,
Guadalajara,2,TALLER DE CARROCERIA Y PINTURA  2,MULTIMARCAS,Equipo pesado,GUADALAJARA,JALISCO,44960,13836996," $7,688.00 "," $7,088 ", $600 , $-   ,4.00,0,48,10,2023,POLO,Volkswagen,2015,SI,
Guadalajara,2,TALLER DE CARROCERIA Y PINTURA  2,MULTIMARCAS,Equipo pesado,GUADALAJARA,JALISCO,44960,60323568," $6,285.00 "," $3,375 "," $2,910 ", $-   ,14.00,0,0,10,2023,Attitude,Dodge,2019,SI,
Guadalajara,2,TALLER DE CARROCERIA Y PINTURA  2,MULTIMARCAS,Equipo pesado,GUADALAJARA,JALISCO,44960,42757111," $7,482.00 "," $5,847 "," $1,635 ", $-   ,13.00,0,96,12,2023,Versa,Nissan,2017,SI,
Mexico,4,TALLER DE CARROCERIA Y PINTURA  4,MULTIMARCAS,Motos,BENITO JUAREZ,CIUDAD DE MEXICO,3400,94546817," $5,313.00 "," $4,458 ", $855 , $-   ,7.00,0,58,11,2023,Fusion,Ford,2019,SI,
Mexico,4,TALLER DE CARROCERIA Y PINTURA  4,MULTIMARCAS,Motos,BENITO JUAREZ,CIUDAD DE MEXICO,3400,30522231," $7,117.00 "," $5,557 "," $1,560 ", $-   ,5.00,0,68,11,2023,HILUX,Toyota,2023,SI,
Mexico,4,TALLER DE CARROCERIA Y PINTURA  4,MULTIMARCAS,Motos,BENITO JUAREZ,CIUDAD DE MEXICO,3400,98263893," $6,430.00 "," $4,705 "," $1,725 ", $-   ,8.00,0,0,10,2023,Versa,Nissan,2012,SI,
Mexico,4,TALLER DE CARROCERIA Y PINTURA  4,MULTIMARCAS,Motos,BENITO JUAREZ,CIUDAD DE MEXICO,3400,52908237," $2,475.00 "," $2,400 ", $75 , $-   ,1.00,0,0,11,2023,Aveo,Chevrolet,2016,SI,
Mexico,4,TALLER DE CARROCERIA Y PINTURA  4,MULTIMARCAS,Motos,BENITO JUAREZ,CIUDAD DE MEXICO,3400,73556135," $9,147.00 "," $7,062 "," $2,085 ", $-   ,7.00,0,,11,2023,Sienna,Toyota,2016,SI,
Mexico,4,TALLER DE CARROCERIA Y PINTURA  4,MULTIMARCAS,Motos,BENITO JUAREZ,CIUDAD DE MEXICO,3400,78779542," $3,553.00 "," $3,148 ", $405 , $-   ,5.00,1,,10,2023,MKX,Lincoln,2007,SI,
Mexico,4,TALLER DE CARROCERIA Y PINTURA  4,MULTIMARCAS,Motos,BENITO JUAREZ,CIUDAD DE MEXICO,3400,99083066," $5,535.00 "," $3,715 "," $1,820 ", $-   ,12.00,1,83,11,2023,Hilux,Toyota,2014,SI,
Mexico,4,TALLER DE CARROCERIA Y PINTURA  4,MULTIMARCAS,Motos,BENITO JUAREZ,CIUDAD DE MEXICO,3400,64123435," $2,345.00 "," $2,150 ", $195 , $-   ,2.00,0,0,10,2023,Spark,Chevrolet,2013,SI,
Mexico,4,TALLER DE CARROCERIA Y PINTURA  4,MULTIMARCAS,Motos,BENITO JUAREZ,CIUDAD DE MEXICO,3400,63914328," $6,527.00 "," $6,287 ", $240 , $-   ,5.00,0,86,10,2023,Ibiza,SEAT,2023,SI,
Culiacan,10,TALLER DE CARROCERIA Y PINTURA  10,AGENCIA,Multimarca ,LOS MOCHIS,SINALOA,81280,24862877," $86,032.00 "," $84,697 "," $1,335 ", $-   ,20.00,1,95,11,2023,Escape,Ford,2017,SI,
Culiacan,10,TALLER DE CARROCERIA Y PINTURA  10,AGENCIA,Multimarca ,LOS MOCHIS,SINALOA,81280,21683284," $9,228.00 "," $8,328 ", $900 , $-   ,8.00,2,73,10,2023,Ibiza,SEAT,2020,SI,
Culiacan,10,TALLER DE CARROCERIA Y PINTURA  10,AGENCIA,Multimarca ,LOS MOCHIS,SINALOA,81280,92741430," $17,119.00 "," $15,754 "," $1,365 ", $-   ,16.00,1,113,11,2023,Yaris,Toyota,2007,SI,
Monterrey,1,TALLER DE CARROCERIA Y PINTURA  1,MULTIMARCAS,Taller,MONTERREY,NUEVO LEON,64280,39786787," $14,082.00 "," $10,932 "," $3,150 ", $-   ,15.00,0,0,10,2023,Tornado,Chevrolet,2020,SI,
Monterrey,1,TALLER DE CARROCERIA Y PINTURA  1,MULTIMARCAS,Taller,MONTERREY,NUEVO LEON,64280,53905282," $15,900.00 "," $3,570 "," $12,330 ", $-   ,21.00,3,115,12,2023,Beat,Chevrolet,2019,SI,
Monterrey,1,TALLER DE CARROCERIA Y PINTURA  1,MULTIMARCAS,Taller,MONTERREY,NUEVO LEON,64280,89903971," $12,075.00 "," $9,900 "," $2,175 ", $-   ,5.00,0,0,10,2023,Jetta,Volkswagen,2016,SI,
Monterrey,1,TALLER DE CARROCERIA Y PINTURA  1,MULTIMARCAS,Taller,MONTERREY,NUEVO LEON,64280,79287267," $16,061.00 "," $10,301 "," $5,760 ", $-   ,14.00,1,70,10,2023,hilux,Toyota,2022,SI,
Monterrey,1,TALLER DE CARROCERIA Y PINTURA  1,MULTIMARCAS,Taller,MONTERREY,NUEVO LEON,64280,52660074," $15,560.00 "," $12,935 "," $2,625 ", $-   ,6.00,0,48,10,2023,Transpoter,Volkswagen,2017,SI,
Monterrey,1,TALLER DE CARROCERIA Y PINTURA  1,MULTIMARCAS,Taller,MONTERREY,NUEVO LEON,64280,84345722," $17,376.00 "," $13,386 "," $3,990 ", $-   ,15.00,3,47,10,2023,Polo,Volkswagen,2015,SI,
Monterrey,1,TALLER DE CARROCERIA Y PINTURA  1,MULTIMARCAS,Taller,MONTERREY,NUEVO LEON,64280,12663624," $58,950.00 "," $57,600 "," $1,350 ", $-   ,7.00,1,40,10,2023,Figo,Ford,2016,SI,
Monterrey,3,TALLER DE CARROCERIA Y PINTURA  3,MULTIMARCAS,Taller,MONTERREY,NUEVO LEON,64830,38165337," $6,374.00 "," $2,879 "," $3,495 ", $-   ,14.00,1,,10,2023,Ranger,Ford,2005,SI,
Monterrey,3,TALLER DE CARROCERIA Y PINTURA  3,MULTIMARCAS,Taller,MONTERREY,NUEVO LEON,64830,49521396," $6,906.00 "," $5,856 "," $1,050 ", $-   ,6.00,0,0,10,2023,Fiesta,Ford,2013,SI,
Monterrey,3,TALLER DE CARROCERIA Y PINTURA  3,MULTIMARCAS,Taller,MONTERREY,NUEVO LEON,64830,46014568," $1,269.60 ", $766 , $504 , $-   ,1.00,0,162,12,2023,Sei3,JAC,2022,SI,
Monterrey,3,TALLER DE CARROCERIA Y PINTURA  3,MULTIMARCAS,Taller,MONTERREY,NUEVO LEON,64830,40697057," $2,269.26 "," $1,765 ", $504 , $-   ,3.00,3,644,12,2023,Trax,Chevrolet,2020,SI,
Monterrey,3,TALLER DE CARROCERIA Y PINTURA  3,MULTIMARCAS,Taller,MONTERREY,NUEVO LEON,64830,91349923," $6,281.00 "," $4,511 "," $1,770 ", $-   ,5.00,1,19,11,2023,polo,Volkswagen,2020,SI,
Monterrey,3,TALLER DE CARROCERIA Y PINTURA  3,MULTIMARCAS,Taller,MONTERREY,NUEVO LEON,64830,65945129," $1,713.05 "," $1,209 ", $504 , $-   ,1.00,3,331,12,2023,Ranger,Ford,2022,SI,
Monterrey,3,TALLER DE CARROCERIA Y PINTURA  3,MULTIMARCAS,Taller,MONTERREY,NUEVO LEON,64830,65072395," $2,288.50 "," $1,785 ", $504 , $-   ,3.00,2,,12,2023,Vento,Volkswagen,2016,SI,
Monterrey,3,TALLER DE CARROCERIA Y PINTURA  3,MULTIMARCAS,Taller,MONTERREY,NUEVO LEON,64830,96767220," $1,965.06 "," $1,713 ", $252 , $-   ,2.00,5,278,12,2023,Prius v,Toyota,2016,SI,
Merida,5,TALLER DE CARROCERIA Y PINTURA  5,AGENCIA,Taller,SAN CRISTOBAL DE LAS CASAS,CHIAPAS,29000,28848294," $2,012.50 "," $1,761 ", $252 , $-   ,2.00,3,249,12,2023,Np300,Nissan,2018,SI,
Merida,5,TALLER DE CARROCERIA Y PINTURA  5,AGENCIA,Taller,SAN CRISTOBAL DE LAS CASAS,CHIAPAS,29000,16505830," $1,741.00 "," $1,441 ", $300 , $-   ,3.00,0,22,10,2023,Tsuru,Nissan,2005,SI,
Merida,5,TALLER DE CARROCERIA Y PINTURA  5,AGENCIA,Taller,SAN CRISTOBAL DE LAS CASAS,CHIAPAS,29000,13139839," $2,404.36 "," $1,864 ", $540 , $-   ,3.00,2,259,12,2023,Focus,Ford,2010,SI,
Merida,5,TALLER DE CARROCERIA Y PINTURA  5,AGENCIA,Taller,SAN CRISTOBAL DE LAS CASAS,CHIAPAS,29000,70734571," $3,400.00 "," $2,620 ", $780 , $-   ,4.00,0,0,11,2023,Aveo,Chevrolet,2011,SI,
Merida,5,TALLER DE CARROCERIA Y PINTURA  5,AGENCIA,Taller,SAN CRISTOBAL DE LAS CASAS,CHIAPAS,29000,19218273," $2,307.38 "," $1,803 ", $504 , $-   ,3.00,4,310,12,2023,POLO,Volkswagen,2015,SI,
Merida,5,TALLER DE CARROCERIA Y PINTURA  5,AGENCIA,Taller,SAN CRISTOBAL DE LAS CASAS,CHIAPAS,29000,79985503," $3,765.00 "," $1,920 "," $1,845 ", $-   ,9.00,1,2,11,2023,Attitude,Dodge,2019,SI,
Merida,5,TALLER DE CARROCERIA Y PINTURA  5,AGENCIA,Taller,SAN CRISTOBAL DE LAS CASAS,CHIAPAS,29000,18936998," $2,269.26 "," $1,765 ", $504 , $-   ,3.00,6,,12,2023,Versa,Nissan,2017,SI,
Merida,5,TALLER DE CARROCERIA Y PINTURA  5,AGENCIA,Taller,SAN CRISTOBAL DE LAS CASAS,CHIAPAS,29000,55429377," $1,438.73 ", $935 , $504 , $-   ,1.00,1,,12,2023,Fusion,Ford,2019,SI,
Merida,5,TALLER DE CARROCERIA Y PINTURA  5,AGENCIA,Taller,SAN CRISTOBAL DE LAS CASAS,CHIAPAS,29000,86592658," $2,114.65 "," $1,611 ", $504 , $-   ,2.00,2,253,12,2023,HILUX,Toyota,2023,SI,
Merida,5,TALLER DE CARROCERIA Y PINTURA  5,AGENCIA,Taller,SAN CRISTOBAL DE LAS CASAS,CHIAPAS,29000,37193066," $3,150.00 "," $2,310 ", $840 , $-   ,3.00,1,36,11,2023,Versa,Nissan,2012,SI,
Merida,5,TALLER DE CARROCERIA Y PINTURA  5,AGENCIA,Taller,SAN CRISTOBAL DE LAS CASAS,CHIAPAS,29000,75120165," $8,775.00 "," $6,015 "," $2,760 ", $-   ,5.00,1,132,12,2023,Aveo,Chevrolet,2016,SI,
Merida,5,TALLER DE CARROCERIA Y PINTURA  5,AGENCIA,Taller,SAN CRISTOBAL DE LAS CASAS,CHIAPAS,29000,30823818," $2,131.53 "," $1,862 ", $270 , $-   ,3.00,3,274,12,2023,Sienna,Toyota,2016,SI,
Merida,5,TALLER DE CARROCERIA Y PINTURA  5,AGENCIA,Taller,SAN CRISTOBAL DE LAS CASAS,CHIAPAS,29000,61037307," $4,800.00 "," $3,610 "," $1,190 ", $-   ,9.00,2,137,11,2023,MKX,Lincoln,2007,SI,
Tabasco,6,TALLER DE CARROCERIA Y PINTURA  6,MULTIMARCAS,Taller,CENTRO,TABASCO,86190,99012008," $14,425.00 "," $14,425 ", $-   , $-   ,4.00,2,159,10,2023,Hilux,Toyota,2014,SI,
Tabasco,6,TALLER DE CARROCERIA Y PINTURA  6,MULTIMARCAS,Taller,CENTRO,TABASCO,86190,10385696," $22,322.00 "," $21,182 "," $1,140 ", $-   ,14.00,2,5,12,2023,Spark,Chevrolet,2013,SI,
Tabasco,6,TALLER DE CARROCERIA Y PINTURA  6,MULTIMARCAS,Taller,CENTRO,TABASCO,86190,12901890," $37,490.00 "," $34,895 "," $2,595 ", $-   ,13.00,0,266,11,2023,Ibiza,SEAT,2023,SI,
Tabasco,6,TALLER DE CARROCERIA Y PINTURA  6,MULTIMARCAS,Taller,CENTRO,TABASCO,86190,21923252," $7,480.00 "," $4,660 "," $2,820 ", $-   ,12.00,0,,10,2023,Escape,Ford,2017,SI,
Tabasco,6,TALLER DE CARROCERIA Y PINTURA  6,MULTIMARCAS,Taller,CENTRO,TABASCO,86190,36661908," $51,671.00 "," $48,806 "," $2,865 ", $-   ,14.00,1,353,11,2023,Ibiza,SEAT,2020,SI,
Tabasco,6,TALLER DE CARROCERIA Y PINTURA  6,MULTIMARCAS,Taller,CENTRO,TABASCO,86190,33069504," $10,185.00 "," $9,750 ", $435 , $-   ,4.00,2,0,11,2023,Yaris,Toyota,2007,SI,
Tabasco,6,TALLER DE CARROCERIA Y PINTURA  6,MULTIMARCAS,Taller,CENTRO,TABASCO,86190,83283803," $8,195.00 "," $6,200 "," $1,995 ", $-   ,2.00,0,139,11,2023,Tornado,Chevrolet,2020,SI,
Queretaro,7,TALLER DE CARROCERIA Y PINTURA  7,MULTIMARCAS,Taller,SAN JUAN DEL RIO,QUERETARO,76800,81989135," $14,191.00 "," $13,291 ", $900 , $-   ,9.00,2,98,10,2023,Beat,Chevrolet,2019,SI,
Queretaro,7,TALLER DE CARROCERIA Y PINTURA  7,MULTIMARCAS,Taller,SAN JUAN DEL RIO,QUERETARO,76800,67627591," $50,482.00 "," $47,692 "," $2,790 ", $-   ,5.00,3,226,12,2023,Jetta,Volkswagen,2016,SI,
Queretaro,7,TALLER DE CARROCERIA Y PINTURA  7,MULTIMARCAS,Taller,SAN JUAN DEL RIO,QUERETARO,76800,97941330," $9,140.00 "," $4,970 "," $4,170 ", $-   ,8.00,0,80,12,2023,hilux,Toyota,2022,SI,
Queretaro,7,TALLER DE CARROCERIA Y PINTURA  7,MULTIMARCAS,Taller,SAN JUAN DEL RIO,QUERETARO,76800,46335867," $17,630.00 "," $12,770 "," $4,860 ", $-   ,15.00,0,39,10,2023,Transpoter,Volkswagen,2017,SI,
Queretaro,7,TALLER DE CARROCERIA Y PINTURA  7,MULTIMARCAS,Taller,SAN JUAN DEL RIO,QUERETARO,76800,17528305," $3,840.00 "," $2,790 "," $1,050 ", $-   ,7.00,2,62,10,2023,Polo,Volkswagen,2015,SI,
Puebla,8,TALLER DE CARROCERIA Y PINTURA  8,MULTIMARCAS,Taller,TEHUACAN,PUEBLA,75794,12806258," $2,259.54 "," $1,756 ", $504 , $-   ,2.00,4,,12,2023,Figo,Ford,2016,SI,
Puebla,8,TALLER DE CARROCERIA Y PINTURA  8,MULTIMARCAS,Taller,TEHUACAN,PUEBLA,75794,38943871," $7,696.00 "," $5,191 "," $2,505 ", $-   ,11.00,1,151,11,2023,Ranger,Ford,2005,SI,
Puebla,8,TALLER DE CARROCERIA Y PINTURA  8,MULTIMARCAS,Taller,TEHUACAN,PUEBLA,75794,97057499," $7,526.00 "," $4,976 "," $2,550 ", $-   ,7.00,1,1,12,2023,Fiesta,Ford,2013,SI,
Puebla,8,TALLER DE CARROCERIA Y PINTURA  8,MULTIMARCAS,Taller,TEHUACAN,PUEBLA,75794,50260752," $38,266.18 "," $37,591 ", $675 , $-   ,6.00,8,15,10,2023,Sei3,JAC,2022,SI,
Puebla,8,TALLER DE CARROCERIA Y PINTURA  8,MULTIMARCAS,Taller,TEHUACAN,PUEBLA,75794,11053827," $2,288.42 "," $1,784 ", $504 , $-   ,3.00,1,,12,2023,Trax,Chevrolet,2020,SI,
Puebla,8,TALLER DE CARROCERIA Y PINTURA  8,MULTIMARCAS,Taller,TEHUACAN,PUEBLA,75794,46641604," $2,117.00 ", $872 ," $1,245 ", $-   ,6.00,1,6,11,2023,polo,Volkswagen,2020,SI,
Puebla,8,TALLER DE CARROCERIA Y PINTURA  8,MULTIMARCAS,Taller,TEHUACAN,PUEBLA,75794,92461015," $54,210.00 "," $50,790 "," $3,420 ", $-   ,15.00,0,167,11,2023,Ranger,Ford,2022,SI,
Veracruz,9,TALLER DE CARROCERIA Y PINTURA  9,MULTIMARCAS,Taller,VERACRUZ,VERACRUZ,91728,79706521," $9,795.00 "," $6,840 "," $2,955 ", $-   ,14.00,0,0,11,2023,Vento,Volkswagen,2016,SI,
Veracruz,9,TALLER DE CARROCERIA Y PINTURA  9,MULTIMARCAS,Taller,VERACRUZ,VERACRUZ,91728,81903182," $45,344.00 "," $33,494 "," $11,850 ", $-   ,9.00,1,101,10,2023,Prius v,Toyota,2016,SI,
Veracruz,9,TALLER DE CARROCERIA Y PINTURA  9,MULTIMARCAS,Taller,VERACRUZ,VERACRUZ,91728,16343164," $77,641.29 "," $72,376 "," $5,265 ", $-   ,19.00,1,195,10,2023,Np300,Nissan,2018,SI,
Veracruz,9,TALLER DE CARROCERIA Y PINTURA  9,MULTIMARCAS,Taller,VERACRUZ,VERACRUZ,91728,45753658," $3,500.00 ",  ," $3,500 ", $-   ,0.00,1,,11,2023,Tsuru,Nissan,2005,SI,
Veracruz,9,TALLER DE CARROCERIA Y PINTURA  9,MULTIMARCAS,Taller,VERACRUZ,VERACRUZ,91728,75619477," $10,920.00 "," $8,620 "," $2,300 ", $-   ,10.00,0,0,10,2023,Focus,Ford,2010,SI,
Veracruz,9,TALLER DE CARROCERIA Y PINTURA  9,MULTIMARCAS,Taller,VERACRUZ,VERACRUZ,91728,16080627," $9,560.00 "," $8,105 "," $1,455 ", $-   ,5.00,0,2,10,2023,Aveo,Chevrolet,2011,SI,
Veracruz,9,TALLER DE CARROCERIA Y PINTURA  9,MULTIMARCAS,Taller,VERACRUZ,VERACRUZ,91728,90915482," $10,043.00 "," $9,563 ", $480 , $-   ,7.00,0,0,10,2023,POLO,Volkswagen,2015,SI,
Veracruz,9,TALLER DE CARROCERIA Y PINTURA  9,MULTIMARCAS,Taller,VERACRUZ,VERACRUZ,91728,10176481," $28,560.00 "," $27,480 "," $1,080 ", $-   ,4.00,1,,10,2023,Attitude,Dodge,2019,SI,
Veracruz,9,TALLER DE CARROCERIA Y PINTURA  9,MULTIMARCAS,Taller,VERACRUZ,VERACRUZ,91728,66575050," $2,273.54 "," $1,756 ", $518 , $-   ,4.00,3,331,12,2023,Versa,Nissan,2017,SI,
Veracruz,9,TALLER DE CARROCERIA Y PINTURA  9,MULTIMARCAS,Taller,VERACRUZ,VERACRUZ,91728,47116364," $7,196.00 "," $4,076 "," $3,120 ", $-   ,4.00,0,2,11,2023,Fusion,Ford,2019,SI,
Veracruz,9,TALLER DE CARROCERIA Y PINTURA  9,MULTIMARCAS,Taller,VERACRUZ,VERACRUZ,91728,68212709," $17,000.00 "," $17,000 ", $-   , $-   ,14.00,3,173,11,2023,HILUX,Toyota,2023,SI,
Veracruz,9,TALLER DE CARROCERIA Y PINTURA  9,MULTIMARCAS,Taller,VERACRUZ,VERACRUZ,91728,46020217," $14,184.00 "," $13,569 ", $615 , $-   ,3.00,1,0,10,2023,Versa,Nissan,2012,SI,
Veracruz,9,TALLER DE CARROCERIA Y PINTURA  9,MULTIMARCAS,Taller,VERACRUZ,VERACRUZ,91728,56805999," $8,041.00 "," $6,271 "," $1,770 ", $-   ,10.00,1,144,11,2023,Aveo,Chevrolet,2016,SI,
Veracruz,9,TALLER DE CARROCERIA Y PINTURA  9,MULTIMARCAS,Taller,VERACRUZ,VERACRUZ,91728,89818235," $6,940.00 "," $4,750 "," $2,190 ", $-   ,9.00,0,7,11,2023,Sienna,Toyota,2016,SI,
Veracruz,9,TALLER DE CARROCERIA Y PINTURA  9,MULTIMARCAS,Taller,VERACRUZ,VERACRUZ,91728,43381031," $5,577.00 "," $4,152 "," $1,425 ", $-   ,4.00,0,1,11,2023,MKX,Lincoln,2007,SI,
Veracruz,9,TALLER DE CARROCERIA Y PINTURA  9,MULTIMARCAS,Taller,VERACRUZ,VERACRUZ,91728,61915199," $91,135.31 "," $70,838 "," $20,297 ", $-   ,8.00,4,127,10,2023,Hilux,Toyota,2014,SI,
Veracruz,9,TALLER DE CARROCERIA Y PINTURA  9,MULTIMARCAS,Taller,VERACRUZ,VERACRUZ,91728,44295905," $9,664.00 "," $8,704 ", $960 , $-   ,11.00,1,,10,2023,Spark,Chevrolet,2013,SI,
Veracruz,9,TALLER DE CARROCERIA Y PINTURA  9,MULTIMARCAS,Taller,VERACRUZ,VERACRUZ,91728,68095551," $10,746.00 "," $9,126 "," $1,620 ", $-   ,11.00,1,7,12,2023,Ibiza,SEAT,2023,SI,
Veracruz,9,TALLER DE CARROCERIA Y PINTURA  9,MULTIMARCAS,Taller,VERACRUZ,VERACRUZ,91728,19429003," $7,814.00 "," $6,119 "," $1,695 ", $-   ,9.00,0,38,10,2023,Escape,Ford,2017,SI,
Veracruz,9,TALLER DE CARROCERIA Y PINTURA  9,MULTIMARCAS,Taller,VERACRUZ,VERACRUZ,91728,30562940," $5,535.00 "," $4,080 "," $1,455 ", $-   ,6.00,1,0,10,2023,Ibiza,SEAT,2020,SI,
Veracruz,9,TALLER DE CARROCERIA Y PINTURA  9,MULTIMARCAS,Taller,VERACRUZ,VERACRUZ,91728,63515846," $5,930.00 "," $4,520 "," $1,410 ", $-   ,6.00,0,,11,2023,Yaris,Toyota,2007,SI,
Veracruz,9,TALLER DE CARROCERIA Y PINTURA  9,MULTIMARCAS,Taller,VERACRUZ,VERACRUZ,91728,17636206," $19,457.00 "," $18,392 "," $1,065 ", $-   ,9.00,2,42,12,2023,Tornado,Chevrolet,2020,SI,
Veracruz,9,TALLER DE CARROCERIA Y PINTURA  9,MULTIMARCAS,Taller,VERACRUZ,VERACRUZ,91728,39106110," $5,407.00 "," $3,682 "," $1,725 ", $-   ,8.00,0,15,11,2023,Beat,Chevrolet,2019,SI,
Veracruz,9,TALLER DE CARROCERIA Y PINTURA  9,MULTIMARCAS,Taller,VERACRUZ,VERACRUZ,91728,54353752," $9,122.00 "," $5,822 "," $3,300 ", $-   ,4.00,0,3,11,2023,Jetta,Volkswagen,2016,SI,
Veracruz,9,TALLER DE CARROCERIA Y PINTURA  9,MULTIMARCAS,Taller,VERACRUZ,VERACRUZ,91728,67740937," $6,270.00 "," $2,500 "," $3,770 ", $-   ,4.00,0,11,11,2023,hilux,Toyota,2022,SI,
Veracruz,9,TALLER DE CARROCERIA Y PINTURA  9,MULTIMARCAS,Taller,VERACRUZ,VERACRUZ,91728,82742090," $13,685.00 "," $12,560 "," $1,125 ", $-   ,9.00,0,2,12,2023,Transpoter,Volkswagen,2017,SI,
Veracruz,9,TALLER DE CARROCERIA Y PINTURA  9,MULTIMARCAS,Taller,VERACRUZ,VERACRUZ,91728,34049710," $5,775.00 "," $3,975 "," $1,800 ", $-   ,6.00,0,6,11,2023,Polo,Volkswagen,2015,SI,
Veracruz,9,TALLER DE CARROCERIA Y PINTURA  9,MULTIMARCAS,Taller,VERACRUZ,VERACRUZ,91728,61151493," $3,282.00 "," $1,287 "," $1,995 ", $-   ,7.00,1,17,12,2023,Figo,Ford,2016,SI,
Veracruz,9,TALLER DE CARROCERIA Y PINTURA  9,MULTIMARCAS,Taller,VERACRUZ,VERACRUZ,91728,34364541," $4,880.00 "," $3,050 "," $1,830 ", $-   ,6.00,1,0,11,2023,Ranger,Ford,2005,SI,
Veracruz,9,TALLER DE CARROCERIA Y PINTURA  9,MULTIMARCAS,Taller,VERACRUZ,VERACRUZ,91728,20190399," $5,036.00 "," $3,671 "," $1,365 ", $-   ,12.00,1,19,12,2023,Fiesta,Ford,2013,SI,
Veracruz,9,TALLER DE CARROCERIA Y PINTURA  9,MULTIMARCAS,Taller,VERACRUZ,VERACRUZ,91728,34250101," $3,590.00 "," $3,050 ", $540 , $-   ,4.00,0,4,12,2023,Sei3,JAC,2022,SI,
Guadalajara,2,TALLER DE CARROCERIA Y PINTURA  2,MULTIMARCAS,Equipo pesado,GUADALAJARA,JALISCO,44960,93877302," $16,335.00 "," $13,647 "," $2,688 ", $-   ,11.00,0,42,12,2023,Trax,Chevrolet,2020,SI,
Guadalajara,2,TALLER DE CARROCERIA Y PINTURA  2,MULTIMARCAS,Equipo pesado,GUADALAJARA,JALISCO,44960,69775221," $8,097.00 "," $4,242 "," $3,855 ", $-   ,7.00,0,,11,2023,polo,Volkswagen,2020,SI,
Guadalajara,2,TALLER DE CARROCERIA Y PINTURA  2,MULTIMARCAS,Equipo pesado,GUADALAJARA,JALISCO,44960,74009096," $5,130.00 "," $2,350 "," $2,780 ", $-   ,4.00,0,4,11,2023,Ranger,Ford,2022,SI,
Guadalajara,2,TALLER DE CARROCERIA Y PINTURA  2,MULTIMARCAS,Equipo pesado,GUADALAJARA,JALISCO,44960,23930302," $5,440.00 "," $1,890 "," $3,550 ", $-   ,6.00,1,15,12,2023,Vento,Volkswagen,2016,SI,
Guadalajara,2,TALLER DE CARROCERIA Y PINTURA  2,MULTIMARCAS,Equipo pesado,GUADALAJARA,JALISCO,44960,13836996," $1,479.00 "," $1,254 ", $225 , $-   ,1.00,0,,11,2023,Prius v,Toyota,2016,SI,
Guadalajara,2,TALLER DE CARROCERIA Y PINTURA  2,MULTIMARCAS,Equipo pesado,GUADALAJARA,JALISCO,44960,60323568," $5,175.00 "," $1,740 "," $3,435 ", $-   ,4.00,0,0,11,2023,Np300,Nissan,2018,SI,
Guadalajara,2,TALLER DE CARROCERIA Y PINTURA  2,MULTIMARCAS,Equipo pesado,GUADALAJARA,JALISCO,44960,42757111," $2,700.00 "," $2,280 ", $420 , $-   ,5.00,0,7,12,2023,Tsuru,Nissan,2005,SI,
Mexico,4,TALLER DE CARROCERIA Y PINTURA  4,MULTIMARCAS,Motos,BENITO JUAREZ,CIUDAD DE MEXICO,3400,94546817," $2,498.00 "," $1,448 "," $1,050 ", $-   ,3.00,0,25,12,2023,Focus,Ford,2010,SI,
Mexico,4,TALLER DE CARROCERIA Y PINTURA  4,MULTIMARCAS,Motos,BENITO JUAREZ,CIUDAD DE MEXICO,3400,30522231," $5,765.00 "," $3,890 "," $1,875 ", $-   ,6.00,1,13,12,2023,Aveo,Chevrolet,2011,SI,
Mexico,4,TALLER DE CARROCERIA Y PINTURA  4,MULTIMARCAS,Motos,BENITO JUAREZ,CIUDAD DE MEXICO,3400,98263893," $9,670.00 "," $6,820 "," $2,850 ", $-   ,11.00,1,1,11,2023,POLO,Volkswagen,2015,SI,
Mexico,4,TALLER DE CARROCERIA Y PINTURA  4,MULTIMARCAS,Motos,BENITO JUAREZ,CIUDAD DE MEXICO,3400,52908237," $13,005.00 "," $3,480 "," $9,525 ", $-   ,5.00,0,22,12,2023,Attitude,Dodge,2019,SI,
Mexico,4,TALLER DE CARROCERIA Y PINTURA  4,MULTIMARCAS,Motos,BENITO JUAREZ,CIUDAD DE MEXICO,3400,73556135," $5,240.00 "," $4,460 ", $780 , $-   ,7.00,0,5,11,2023,Versa,Nissan,2017,SI,
Mexico,4,TALLER DE CARROCERIA Y PINTURA  4,MULTIMARCAS,Motos,BENITO JUAREZ,CIUDAD DE MEXICO,3400,78779542," $49,900.00 "," $47,200 "," $2,700 ", $-   ,8.00,3,6,11,2023,Fusion,Ford,2019,SI,
Mexico,4,TALLER DE CARROCERIA Y PINTURA  4,MULTIMARCAS,Motos,BENITO JUAREZ,CIUDAD DE MEXICO,3400,99083066," $8,431.00 "," $6,031 "," $2,400 ", $-   ,13.00,0,22,12,2023,HILUX,Toyota,2023,SI,
Mexico,4,TALLER DE CARROCERIA Y PINTURA  4,MULTIMARCAS,Motos,BENITO JUAREZ,CIUDAD DE MEXICO,3400,64123435," $9,883.00 "," $7,738 "," $2,145 ", $-   ,14.00,0,,11,2023,Versa,Nissan,2012,SI,
Mexico,4,TALLER DE CARROCERIA Y PINTURA  4,MULTIMARCAS,Motos,BENITO JUAREZ,CIUDAD DE MEXICO,3400,63914328," $10,461.00 "," $9,351 "," $1,110 ", $-   ,9.00,0,5,12,2023,Aveo,Chevrolet,2016,SI,
Culiacan,10,TALLER DE CARROCERIA Y PINTURA  10,AGENCIA,Multimarca ,LOS MOCHIS,SINALOA,81280,24862877," $8,620.00 "," $6,115 "," $2,505 ", $-   ,3.00,0,1,12,2023,Sienna,Toyota,2016,SI,
Culiacan,10,TALLER DE CARROCERIA Y PINTURA  10,AGENCIA,Multimarca ,LOS MOCHIS,SINALOA,81280,21683284," $3,458.31 "," $2,750 ", $708 , $-   ,6.00,0,1,12,2023,MKX,Lincoln,2007,SI,
Culiacan,10,TALLER DE CARROCERIA Y PINTURA  10,AGENCIA,Multimarca ,LOS MOCHIS,SINALOA,81280,92741430," $6,061.00 "," $1,006 "," $5,055 ", $-   ,14.00,1,,12,2023,Hilux,Toyota,2014,SI,
Monterrey,1,TALLER DE CARROCERIA Y PINTURA  1,MULTIMARCAS,Taller,MONTERREY,NUEVO LEON,64280,39786787," $9,680.00 "," $9,320 ", $360 , $-   ,5.00,0,1,11,2023,Spark,Chevrolet,2013,SI,
Monterrey,1,TALLER DE CARROCERIA Y PINTURA  1,MULTIMARCAS,Taller,MONTERREY,NUEVO LEON,64280,53905282," $19,000.00 "," $15,610 "," $3,390 ", $-   ,14.00,0,-1,11,2023,Ibiza,SEAT,2023,SI,
Monterrey,1,TALLER DE CARROCERIA Y PINTURA  1,MULTIMARCAS,Taller,MONTERREY,NUEVO LEON,64280,89903971," $6,805.00 "," $5,440 "," $1,365 ", $-   ,11.00,0,21,12,2023,Escape,Ford,2017,SI,
Monterrey,1,TALLER DE CARROCERIA Y PINTURA  1,MULTIMARCAS,Taller,MONTERREY,NUEVO LEON,64280,79287267," $8,495.00 "," $7,925 ", $570 , $-   ,6.00,1,,12,2023,Ibiza,SEAT,2020,SI,
Monterrey,1,TALLER DE CARROCERIA Y PINTURA  1,MULTIMARCAS,Taller,MONTERREY,NUEVO LEON,64280,52660074," $1,626.00 ", $726 , $900 , $-   ,1.00,0,,11,2023,Yaris,Toyota,2007,SI,
Monterrey,1,TALLER DE CARROCERIA Y PINTURA  1,MULTIMARCAS,Taller,MONTERREY,NUEVO LEON,64280,84345722," $9,564.00 "," $6,339 "," $3,225 ", $-   ,8.00,0,1,12,2023,Tornado,Chevrolet,2020,SI,
Monterrey,1,TALLER DE CARROCERIA Y PINTURA  1,MULTIMARCAS,Taller,MONTERREY,NUEVO LEON,64280,12663624," $8,309.00 "," $7,499 ", $810 , $-   ,8.00,1,16,11,2023,Beat,Chevrolet,2019,SI,
Monterrey,3,TALLER DE CARROCERIA Y PINTURA  3,MULTIMARCAS,Taller,MONTERREY,NUEVO LEON,64830,38165337," $8,805.00 "," $6,135 "," $2,670 ", $-   ,9.00,1,6,11,2023,Jetta,Volkswagen,2016,SI,
Monterrey,3,TALLER DE CARROCERIA Y PINTURA  3,MULTIMARCAS,Taller,MONTERREY,NUEVO LEON,64830,49521396," $18,848.00 "," $15,683 "," $3,165 ", $-   ,11.00,0,6,11,2023,hilux,Toyota,2022,SI,
Monterrey,3,TALLER DE CARROCERIA Y PINTURA  3,MULTIMARCAS,Taller,MONTERREY,NUEVO LEON,64830,46014568," $5,757.00 "," $3,057 "," $2,700 ", $-   ,11.00,1,,11,2023,Transpoter,Volkswagen,2017,SI,
Monterrey,3,TALLER DE CARROCERIA Y PINTURA  3,MULTIMARCAS,Taller,MONTERREY,NUEVO LEON,64830,40697057," $17,565.00 "," $14,580 "," $2,985 ", $-   ,20.00,1,7,11,2023,Polo,Volkswagen,2015,SI,
Monterrey,3,TALLER DE CARROCERIA Y PINTURA  3,MULTIMARCAS,Taller,MONTERREY,NUEVO LEON,64830,91349923," $4,520.00 "," $3,200 "," $1,320 ", $-   ,4.00,1,,12,2023,Figo,Ford,2016,SI,
Monterrey,3,TALLER DE CARROCERIA Y PINTURA  3,MULTIMARCAS,Taller,MONTERREY,NUEVO LEON,64830,65945129," $30,620.00 "," $26,900 "," $3,720 ", $-   ,12.00,0,0,12,2023,Ranger,Ford,2005,SI,
Monterrey,3,TALLER DE CARROCERIA Y PINTURA  3,MULTIMARCAS,Taller,MONTERREY,NUEVO LEON,64830,65072395," $9,440.00 "," $8,840 ", $600 , $-   ,4.00,1,8,11,2023,Fiesta,Ford,2013,SI,
Monterrey,3,TALLER DE CARROCERIA Y PINTURA  3,MULTIMARCAS,Taller,MONTERREY,NUEVO LEON,64830,96767220," $9,516.00 "," $6,726 "," $2,790 ", $-   ,8.00,0,-24,11,2023,Sei3,JAC,2022,SI,
Merida,5,TALLER DE CARROCERIA Y PINTURA  5,AGENCIA,Taller,SAN CRISTOBAL DE LAS CASAS,CHIAPAS,29000,28848294," $2,279.00 "," $2,114 ", $165 , $-   ,3.00,0,,11,2023,Trax,Chevrolet,2020,SI,
Merida,5,TALLER DE CARROCERIA Y PINTURA  5,AGENCIA,Taller,SAN CRISTOBAL DE LAS CASAS,CHIAPAS,29000,16505830," $8,145.00 "," $6,900 "," $1,245 ", $-   ,6.00,0,0,11,2023,polo,Volkswagen,2020,SI,
Merida,5,TALLER DE CARROCERIA Y PINTURA  5,AGENCIA,Taller,SAN CRISTOBAL DE LAS CASAS,CHIAPAS,29000,13139839," $5,500.00 "," $4,930 ", $570 , $-   ,4.00,3,20,11,2023,Ranger,Ford,2022,SI,
Merida,5,TALLER DE CARROCERIA Y PINTURA  5,AGENCIA,Taller,SAN CRISTOBAL DE LAS CASAS,CHIAPAS,29000,70734571," $5,840.00 "," $4,850 ", $990 , $-   ,8.00,2,20,11,2023,Vento,Volkswagen,2016,SI,
Merida,5,TALLER DE CARROCERIA Y PINTURA  5,AGENCIA,Taller,SAN CRISTOBAL DE LAS CASAS,CHIAPAS,29000,19218273," $5,265.00 "," $2,640 "," $2,625 ", $-   ,9.00,1,2,11,2023,Prius v,Toyota,2016,SI,
Merida,5,TALLER DE CARROCERIA Y PINTURA  5,AGENCIA,Taller,SAN CRISTOBAL DE LAS CASAS,CHIAPAS,29000,79985503," $17,559.00 "," $16,524 "," $1,035 ", $-   ,7.00,0,8,11,2023,Np300,Nissan,2018,SI,
Merida,5,TALLER DE CARROCERIA Y PINTURA  5,AGENCIA,Taller,SAN CRISTOBAL DE LAS CASAS,CHIAPAS,29000,18936998," $6,480.00 "," $4,230 "," $2,250 ", $-   ,9.00,1,1,11,2023,Tsuru,Nissan,2005,SI,
Merida,5,TALLER DE CARROCERIA Y PINTURA  5,AGENCIA,Taller,SAN CRISTOBAL DE LAS CASAS,CHIAPAS,29000,55429377," $7,190.00 "," $5,670 "," $1,520 ", $-   ,7.00,0,,11,2023,Focus,Ford,2010,SI,
Merida,5,TALLER DE CARROCERIA Y PINTURA  5,AGENCIA,Taller,SAN CRISTOBAL DE LAS CASAS,CHIAPAS,29000,86592658," $7,215.00 "," $5,115 "," $2,100 ", $-   ,6.00,1,12,11,2023,Aveo,Chevrolet,2011,SI,
Merida,5,TALLER DE CARROCERIA Y PINTURA  5,AGENCIA,Taller,SAN CRISTOBAL DE LAS CASAS,CHIAPAS,29000,37193066," $4,460.00 ", $860 ," $3,600 ", $-   ,8.00,0,1,12,2023,POLO,Volkswagen,2015,SI,
Merida,5,TALLER DE CARROCERIA Y PINTURA  5,AGENCIA,Taller,SAN CRISTOBAL DE LAS CASAS,CHIAPAS,29000,75120165," $16,556.00 "," $15,476 "," $1,080 ", $-   ,7.00,3,40,12,2023,Attitude,Dodge,2019,SI,
Merida,5,TALLER DE CARROCERIA Y PINTURA  5,AGENCIA,Taller,SAN CRISTOBAL DE LAS CASAS,CHIAPAS,29000,30823818," $9,070.00 "," $6,880 "," $2,190 ", $-   ,9.00,0,2,11,2023,Versa,Nissan,2017,SI,
Merida,5,TALLER DE CARROCERIA Y PINTURA  5,AGENCIA,Taller,SAN CRISTOBAL DE LAS CASAS,CHIAPAS,29000,61037307," $28,390.00 "," $25,840 "," $2,550 ", $-   ,13.00,1,5,11,2023,Fusion,Ford,2019,SI,
Tabasco,6,TALLER DE CARROCERIA Y PINTURA  6,MULTIMARCAS,Taller,CENTRO,TABASCO,86190,99012008," $43,140.00 "," $37,995 "," $5,145 ", $-   ,18.00,4,29,12,2023,HILUX,Toyota,2023,SI,
Tabasco,6,TALLER DE CARROCERIA Y PINTURA  6,MULTIMARCAS,Taller,CENTRO,TABASCO,86190,10385696," $2,225.00 "," $1,820 ", $405 , $-   ,5.00,1,9,11,2023,Versa,Nissan,2012,SI,
Tabasco,6,TALLER DE CARROCERIA Y PINTURA  6,MULTIMARCAS,Taller,CENTRO,TABASCO,86190,12901890," $8,885.00 "," $7,860 "," $1,025 ", $-   ,6.00,0,,11,2023,Aveo,Chevrolet,2016,SI,
Tabasco,6,TALLER DE CARROCERIA Y PINTURA  6,MULTIMARCAS,Taller,CENTRO,TABASCO,86190,21923252," $4,401.00 "," $3,486 ", $915 , $-   ,6.00,1,8,11,2023,Sienna,Toyota,2016,SI,
Tabasco,6,TALLER DE CARROCERIA Y PINTURA  6,MULTIMARCAS,Taller,CENTRO,TABASCO,86190,36661908," $4,582.50 "," $4,283 ", $300 , $-   ,2.00,0,56,12,2023,MKX,Lincoln,2007,SI,
Tabasco,6,TALLER DE CARROCERIA Y PINTURA  6,MULTIMARCAS,Taller,CENTRO,TABASCO,86190,33069504," $5,000.00 "," $3,050 "," $1,950 ", $-   ,6.00,0,,10,2023,Hilux,Toyota,2014,SI,
Tabasco,6,TALLER DE CARROCERIA Y PINTURA  6,MULTIMARCAS,Taller,CENTRO,TABASCO,86190,83283803," $74,447.00 "," $73,547 ", $900 , $-   ,5.00,1,14,11,2023,Spark,Chevrolet,2013,SI,
Queretaro,7,TALLER DE CARROCERIA Y PINTURA  7,MULTIMARCAS,Taller,SAN JUAN DEL RIO,QUERETARO,76800,81989135," $20,655.00 "," $14,940 "," $5,715 ", $-   ,12.00,0,-1,11,2023,Ibiza,SEAT,2023,SI,
Queretaro,7,TALLER DE CARROCERIA Y PINTURA  7,MULTIMARCAS,Taller,SAN JUAN DEL RIO,QUERETARO,76800,67627591," $5,315.00 "," $3,950 "," $1,365 ", $-   ,8.00,0,-2,11,2023,Escape,Ford,2017,SI,
Queretaro,7,TALLER DE CARROCERIA Y PINTURA  7,MULTIMARCAS,Taller,SAN JUAN DEL RIO,QUERETARO,76800,97941330," $20,692.00 "," $19,792 ", $900 , $-   ,7.00,1,38,12,2023,Ibiza,SEAT,2020,SI,
Queretaro,7,TALLER DE CARROCERIA Y PINTURA  7,MULTIMARCAS,Taller,SAN JUAN DEL RIO,QUERETARO,76800,46335867," $36,013.00 "," $33,808 "," $2,205 ", $-   ,25.00,0,3,11,2023,Yaris,Toyota,2007,SI,
Queretaro,7,TALLER DE CARROCERIA Y PINTURA  7,MULTIMARCAS,Taller,SAN JUAN DEL RIO,QUERETARO,76800,17528305," $4,425.00 "," $3,270 "," $1,155 ", $-   ,7.00,1,6,11,2023,Tornado,Chevrolet,2020,SI,
Puebla,8,TALLER DE CARROCERIA Y PINTURA  8,MULTIMARCAS,Taller,TEHUACAN,PUEBLA,75794,12806258," $4,715.00 "," $1,100 "," $3,615 ", $-   ,1.00,0,0,11,2023,Beat,Chevrolet,2019,SI,
Puebla,8,TALLER DE CARROCERIA Y PINTURA  8,MULTIMARCAS,Taller,TEHUACAN,PUEBLA,75794,38943871," $23,057.00 "," $21,767 "," $1,290 ", $-   ,5.00,0,40,12,2023,Jetta,Volkswagen,2016,SI,
Puebla,8,TALLER DE CARROCERIA Y PINTURA  8,MULTIMARCAS,Taller,TEHUACAN,PUEBLA,75794,97057499," $14,450.00 "," $13,145 "," $1,305 ", $-   ,12.00,1,21,12,2023,hilux,Toyota,2022,SI,
Puebla,8,TALLER DE CARROCERIA Y PINTURA  8,MULTIMARCAS,Taller,TEHUACAN,PUEBLA,75794,50260752," $1,640.00 "," $1,550 ", $90 , $-   ,1.00,0,18,12,2023,Transpoter,Volkswagen,2017,SI,
Puebla,8,TALLER DE CARROCERIA Y PINTURA  8,MULTIMARCAS,Taller,TEHUACAN,PUEBLA,75794,11053827," $26,259.57 "," $19,847 "," $6,413 ", $-   ,12.00,1,32,12,2023,Polo,Volkswagen,2015,SI,
Puebla,8,TALLER DE CARROCERIA Y PINTURA  8,MULTIMARCAS,Taller,TEHUACAN,PUEBLA,75794,46641604," $14,016.00 "," $12,531 "," $1,485 ", $-   ,10.00,1,41,12,2023,Figo,Ford,2016,SI,
Puebla,8,TALLER DE CARROCERIA Y PINTURA  8,MULTIMARCAS,Taller,TEHUACAN,PUEBLA,75794,92461015," $8,201.00 "," $1,736 "," $6,465 ", $-   ,11.00,0,25,11,2023,Ranger,Ford,2005,SI,
Veracruz,9,TALLER DE CARROCERIA Y PINTURA  9,MULTIMARCAS,Taller,VERACRUZ,VERACRUZ,91728,79706521," $11,321.00 "," $10,101 "," $1,220 ", $-   ,7.00,0,9,11,2023,Fiesta,Ford,2013,SI,
Veracruz,9,TALLER DE CARROCERIA Y PINTURA  9,MULTIMARCAS,Taller,VERACRUZ,VERACRUZ,91728,81903182," $198,294.00 "," $142,119 "," $56,175 ", $-   ,13.00,0,20,11,2023,Sei3,JAC,2022,SI,
Veracruz,9,TALLER DE CARROCERIA Y PINTURA  9,MULTIMARCAS,Taller,VERACRUZ,VERACRUZ,91728,16343164," $13,832.00 "," $11,284 "," $2,548 ", $-   ,10.00,0,32,12,2023,Trax,Chevrolet,2020,SI,
Veracruz,9,TALLER DE CARROCERIA Y PINTURA  9,MULTIMARCAS,Taller,VERACRUZ,VERACRUZ,91728,45753658," $13,314.00 "," $10,979 "," $2,335 ", $-   ,17.00,2,27,12,2023,polo,Volkswagen,2020,SI,
Veracruz,9,TALLER DE CARROCERIA Y PINTURA  9,MULTIMARCAS,Taller,VERACRUZ,VERACRUZ,91728,75619477," $2,825.00 "," $2,090 ", $735 , $-   ,6.00,0,,11,2023,Ranger,Ford,2022,SI,
Veracruz,9,TALLER DE CARROCERIA Y PINTURA  9,MULTIMARCAS,Taller,VERACRUZ,VERACRUZ,91728,16080627," $2,450.00 ", $530 ," $1,920 ", $-   ,2.00,1,,11,2023,Vento,Volkswagen,2016,SI,
Veracruz,9,TALLER DE CARROCERIA Y PINTURA  9,MULTIMARCAS,Taller,VERACRUZ,VERACRUZ,91728,90915482," $5,775.00 "," $4,020 "," $1,755 ", $-   ,9.00,0,8,11,2023,Prius v,Toyota,2016,SI,
Veracruz,9,TALLER DE CARROCERIA Y PINTURA  9,MULTIMARCAS,Taller,VERACRUZ,VERACRUZ,91728,10176481," $6,500.00 "," $5,216 "," $1,284 ", $-   ,6.00,1,,11,2023,Np300,Nissan,2018,SI,
Veracruz,9,TALLER DE CARROCERIA Y PINTURA  9,MULTIMARCAS,Taller,VERACRUZ,VERACRUZ,91728,66575050," $20,124.50 "," $16,255 "," $3,870 ", $-   ,13.00,1,35,12,2023,Tsuru,Nissan,2005,SI,
Veracruz,9,TALLER DE CARROCERIA Y PINTURA  9,MULTIMARCAS,Taller,VERACRUZ,VERACRUZ,91728,47116364," $2,435.00 "," $1,400 "," $1,035 ", $-   ,5.00,0,0,12,2023,Focus,Ford,2010,SI,
Veracruz,9,TALLER DE CARROCERIA Y PINTURA  9,MULTIMARCAS,Taller,VERACRUZ,VERACRUZ,91728,68212709," $5,415.00 "," $3,700 "," $1,715 ", $-   ,5.00,0,,11,2023,Aveo,Chevrolet,2011,SI,
Veracruz,9,TALLER DE CARROCERIA Y PINTURA  9,MULTIMARCAS,Taller,VERACRUZ,VERACRUZ,91728,46020217," $8,114.00 "," $5,879 "," $2,235 ", $-   ,8.00,0,39,12,2023,POLO,Volkswagen,2015,SI,
Veracruz,9,TALLER DE CARROCERIA Y PINTURA  9,MULTIMARCAS,Taller,VERACRUZ,VERACRUZ,91728,56805999," $12,680.00 "," $9,620 "," $3,060 ", $-   ,14.00,0,-9,11,2023,Attitude,Dodge,2019,SI,
Veracruz,9,TALLER DE CARROCERIA Y PINTURA  9,MULTIMARCAS,Taller,VERACRUZ,VERACRUZ,91728,89818235," $1,730.00 "," $1,070 ", $660 , $-   ,6.00,0,1,12,2023,Versa,Nissan,2017,SI,
Veracruz,9,TALLER DE CARROCERIA Y PINTURA  9,MULTIMARCAS,Taller,VERACRUZ,VERACRUZ,91728,43381031," $37,564.00 "," $36,169 "," $1,395 ", $-   ,16.00,0,2,10,2023,Fusion,Ford,2019,SI,
Veracruz,9,TALLER DE CARROCERIA Y PINTURA  9,MULTIMARCAS,Taller,VERACRUZ,VERACRUZ,91728,61915199," $9,790.00 "," $7,200 "," $2,590 ", $-   ,13.00,1,,11,2023,HILUX,Toyota,2023,SI,
Veracruz,9,TALLER DE CARROCERIA Y PINTURA  9,MULTIMARCAS,Taller,VERACRUZ,VERACRUZ,91728,44295905," $6,735.00 "," $3,990 "," $2,745 ", $-   ,7.00,1,6,11,2023,Versa,Nissan,2012,SI,
Veracruz,9,TALLER DE CARROCERIA Y PINTURA  9,MULTIMARCAS,Taller,VERACRUZ,VERACRUZ,91728,68095551," $2,267.00 "," $1,067 "," $1,200 ", $-   ,3.00,1,0,10,2023,Aveo,Chevrolet,2016,SI,
Veracruz,9,TALLER DE CARROCERIA Y PINTURA  9,MULTIMARCAS,Taller,VERACRUZ,VERACRUZ,91728,19429003," $7,302.00 "," $5,997 "," $1,305 ", $-   ,12.00,0,18,11,2023,Sienna,Toyota,2016,SI,
Veracruz,9,TALLER DE CARROCERIA Y PINTURA  9,MULTIMARCAS,Taller,VERACRUZ,VERACRUZ,91728,30562940," $1,435.00 "," $1,240 ", $195 , $-   ,2.00,3,12,11,2023,MKX,Lincoln,2007,SI,
Veracruz,9,TALLER DE CARROCERIA Y PINTURA  9,MULTIMARCAS,Taller,VERACRUZ,VERACRUZ,91728,63515846," $6,586.00 "," $5,236 "," $1,350 ", $-   ,6.00,2,30,12,2023,Hilux,Toyota,2014,SI,
Veracruz,9,TALLER DE CARROCERIA Y PINTURA  9,MULTIMARCAS,Taller,VERACRUZ,VERACRUZ,91728,17636206," $10,970.00 "," $7,010 "," $3,960 ", $-   ,7.00,0,1,12,2023,Spark,Chevrolet,2013,SI,
Veracruz,9,TALLER DE CARROCERIA Y PINTURA  9,MULTIMARCAS,Taller,VERACRUZ,VERACRUZ,91728,39106110," $83,715.00 "," $82,500 "," $1,215 ", $-   ,5.00,0,-3,10,2023,Ibiza,SEAT,2023,SI,
Veracruz,9,TALLER DE CARROCERIA Y PINTURA  9,MULTIMARCAS,Taller,VERACRUZ,VERACRUZ,91728,54353752," $4,949.00 "," $3,674 "," $1,275 ", $-   ,11.00,0,,10,2023,Escape,Ford,2017,SI,
Veracruz,9,TALLER DE CARROCERIA Y PINTURA  9,MULTIMARCAS,Taller,VERACRUZ,VERACRUZ,91728,67740937," $16,740.00 "," $9,300 "," $7,440 ", $-   ,62.00,0,2,10,2023,Ibiza,SEAT,2020,SI,
Veracruz,9,TALLER DE CARROCERIA Y PINTURA  9,MULTIMARCAS,Taller,VERACRUZ,VERACRUZ,91728,82742090," $9,455.00 "," $6,620 "," $2,835 ", $-   ,12.00,0,3,11,2023,Yaris,Toyota,2007,SI,
Veracruz,9,TALLER DE CARROCERIA Y PINTURA  9,MULTIMARCAS,Taller,VERACRUZ,VERACRUZ,91728,34049710," $11,340.00 "," $8,520 "," $2,820 ", $-   ,9.00,0,10,11,2023,Tornado,Chevrolet,2020,SI,
Veracruz,9,TALLER DE CARROCERIA Y PINTURA  9,MULTIMARCAS,Taller,VERACRUZ,VERACRUZ,91728,61151493," $2,665.00 "," $1,900 ", $765 , $-   ,5.00,0,,10,2023,Beat,Chevrolet,2019,SI,
Veracruz,9,TALLER DE CARROCERIA Y PINTURA  9,MULTIMARCAS,Taller,VERACRUZ,VERACRUZ,91728,34364541," $4,290.00 "," $2,190 "," $2,100 ", $-   ,6.00,2,27,12,2023,Jetta,Volkswagen,2016,SI,
Veracruz,9,TALLER DE CARROCERIA Y PINTURA  9,MULTIMARCAS,Taller,VERACRUZ,VERACRUZ,91728,20190399," $26,419.00 "," $23,974 "," $2,445 ", $-   ,8.00,1,42,12,2023,hilux,Toyota,2022,SI,
Veracruz,9,TALLER DE CARROCERIA Y PINTURA  9,MULTIMARCAS,Taller,VERACRUZ,VERACRUZ,91728,34250101," $6,195.00 "," $5,895 ", $300 , $-   ,7.00,0,8,11,2023,Transpoter,Volkswagen,2017,SI,
Guadalajara,2,TALLER DE CARROCERIA Y PINTURA  2,MULTIMARCAS,Equipo pesado,GUADALAJARA,JALISCO,44960,93877302," $3,320.00 ", $70 ," $3,250 ", $-   ,6.00,1,5,10,2023,Polo,Volkswagen,2015,SI,
Guadalajara,2,TALLER DE CARROCERIA Y PINTURA  2,MULTIMARCAS,Equipo pesado,GUADALAJARA,JALISCO,44960,69775221," $12,025.00 "," $8,740 "," $3,285 ", $-   ,7.00,3,14,11,2023,Figo,Ford,2016,SI,
Guadalajara,2,TALLER DE CARROCERIA Y PINTURA  2,MULTIMARCAS,Equipo pesado,GUADALAJARA,JALISCO,44960,74009096," $5,280.00 "," $4,920 ", $360 , $-   ,4.00,0,0,12,2023,Ranger,Ford,2005,SI,
Guadalajara,2,TALLER DE CARROCERIA Y PINTURA  2,MULTIMARCAS,Equipo pesado,GUADALAJARA,JALISCO,44960,23930302," $1,810.00 "," $1,240 ", $570 , $-   ,3.00,0,,11,2023,Fiesta,Ford,2013,SI,
Guadalajara,2,TALLER DE CARROCERIA Y PINTURA  2,MULTIMARCAS,Equipo pesado,GUADALAJARA,JALISCO,44960,13836996," $1,900.00 "," $1,510 ", $390 , $-   ,5.00,0,0,11,2023,Sei3,JAC,2022,SI,
Guadalajara,2,TALLER DE CARROCERIA Y PINTURA  2,MULTIMARCAS,Equipo pesado,GUADALAJARA,JALISCO,44960,60323568," $19,554.52 "," $19,449 ", $106 , $-   ,3.00,1,,11,2023,Trax,Chevrolet,2020,SI,
Guadalajara,2,TALLER DE CARROCERIA Y PINTURA  2,MULTIMARCAS,Equipo pesado,GUADALAJARA,JALISCO,44960,42757111," $7,193.00 "," $6,053 "," $1,140 ", $-   ,9.00,1,,11,2023,polo,Volkswagen,2020,SI,
Mexico,4,TALLER DE CARROCERIA Y PINTURA  4,MULTIMARCAS,Motos,BENITO JUAREZ,CIUDAD DE MEXICO,3400,94546817," $26,806.00 "," $26,206 ", $600 , $-   ,4.00,2,29,11,2023,Ranger,Ford,2022,SI,
Mexico,4,TALLER DE CARROCERIA Y PINTURA  4,MULTIMARCAS,Motos,BENITO JUAREZ,CIUDAD DE MEXICO,3400,30522231," $62,670.97 "," $40,880 "," $21,791 ", $-   ,16.00,3,34,12,2023,Vento,Volkswagen,2016,SI,
Mexico,4,TALLER DE CARROCERIA Y PINTURA  4,MULTIMARCAS,Motos,BENITO JUAREZ,CIUDAD DE MEXICO,3400,98263893," $7,965.00 "," $6,060 "," $1,905 ", $-   ,8.00,0,,11,2023,Prius v,Toyota,2016,SI,
Mexico,4,TALLER DE CARROCERIA Y PINTURA  4,MULTIMARCAS,Motos,BENITO JUAREZ,CIUDAD DE MEXICO,3400,52908237," $10,000.00 "," $10,000 ",  , $-   ,4.00,0,5,10,2023,Np300,Nissan,2018,SI,
Mexico,4,TALLER DE CARROCERIA Y PINTURA  4,MULTIMARCAS,Motos,BENITO JUAREZ,CIUDAD DE MEXICO,3400,73556135," $16,184.28 "," $12,909 "," $3,275 ", $-   ,14.00,0,,11,2023,Tsuru,Nissan,2005,SI,
Mexico,4,TALLER DE CARROCERIA Y PINTURA  4,MULTIMARCAS,Motos,BENITO JUAREZ,CIUDAD DE MEXICO,3400,78779542," $3,635.00 "," $1,910 "," $1,725 ", $-   ,7.00,0,35,12,2023,Focus,Ford,2010,SI,
Mexico,4,TALLER DE CARROCERIA Y PINTURA  4,MULTIMARCAS,Motos,BENITO JUAREZ,CIUDAD DE MEXICO,3400,99083066," $6,401.00 "," $5,906 ", $495 , $-   ,5.00,0,3,11,2023,Aveo,Chevrolet,2011,SI,
Mexico,4,TALLER DE CARROCERIA Y PINTURA  4,MULTIMARCAS,Motos,BENITO JUAREZ,CIUDAD DE MEXICO,3400,64123435," $17,465.00 "," $13,010 "," $4,455 ", $-   ,15.00,0,-1,10,2023,POLO,Volkswagen,2015,SI,
Mexico,4,TALLER DE CARROCERIA Y PINTURA  4,MULTIMARCAS,Motos,BENITO JUAREZ,CIUDAD DE MEXICO,3400,63914328," $50,650.00 "," $43,480 "," $7,170 ", $-   ,17.00,0,0,11,2023,Attitude,Dodge,2019,SI,
Culiacan,10,TALLER DE CARROCERIA Y PINTURA  10,AGENCIA,Multimarca ,LOS MOCHIS,SINALOA,81280,24862877," $7,915.00 "," $6,400 "," $1,515 ", $-   ,9.00,0,2,12,2023,Versa,Nissan,2017,SI,
Culiacan,10,TALLER DE CARROCERIA Y PINTURA  10,AGENCIA,Multimarca ,LOS MOCHIS,SINALOA,81280,21683284," $10,000.00 "," $9,175 ", $825 , $-   ,7.00,1,49,12,2023,Fusion,Ford,2019,SI,
Culiacan,10,TALLER DE CARROCERIA Y PINTURA  10,AGENCIA,Multimarca ,LOS MOCHIS,SINALOA,81280,92741430," $11,962.89 "," $9,632 "," $2,331 ", $-   ,7.00,1,23,11,2023,HILUX,Toyota,2023,SI,
Monterrey,1,TALLER DE CARROCERIA Y PINTURA  1,MULTIMARCAS,Taller,MONTERREY,NUEVO LEON,64280,39786787," $8,800.00 "," $7,750 "," $1,050 ", $-   ,10.00,1,6,11,2023,Versa,Nissan,2012,SI,
Monterrey,1,TALLER DE CARROCERIA Y PINTURA  1,MULTIMARCAS,Taller,MONTERREY,NUEVO LEON,64280,53905282," $1,935.00 ", $420 ," $1,515 ", $-   ,2.00,0,,10,2023,Aveo,Chevrolet,2016,SI,
Monterrey,1,TALLER DE CARROCERIA Y PINTURA  1,MULTIMARCAS,Taller,MONTERREY,NUEVO LEON,64280,89903971," $10,665.00 "," $10,260 ", $405 , $-   ,9.00,0,39,11,2023,Sienna,Toyota,2016,SI,
Monterrey,1,TALLER DE CARROCERIA Y PINTURA  1,MULTIMARCAS,Taller,MONTERREY,NUEVO LEON,64280,79287267," $97,859.22 "," $96,779 "," $1,080 ", $-   ,9.00,1,53,12,2023,MKX,Lincoln,2007,SI,
Monterrey,1,TALLER DE CARROCERIA Y PINTURA  1,MULTIMARCAS,Taller,MONTERREY,NUEVO LEON,64280,52660074," $31,800.00 "," $28,900 "," $2,900 ", $-   ,6.00,1,2,10,2023,Hilux,Toyota,2014,SI,
Monterrey,1,TALLER DE CARROCERIA Y PINTURA  1,MULTIMARCAS,Taller,MONTERREY,NUEVO LEON,64280,84345722," $2,650.00 ", $610 ," $2,040 ", $-   ,2.00,0,3,10,2023,Spark,Chevrolet,2013,SI,
Monterrey,1,TALLER DE CARROCERIA Y PINTURA  1,MULTIMARCAS,Taller,MONTERREY,NUEVO LEON,64280,12663624," $60,685.00 "," $54,610 "," $6,075 ", $-   ,24.00,0,-2,10,2023,Ibiza,SEAT,2023,SI,
Monterrey,3,TALLER DE CARROCERIA Y PINTURA  3,MULTIMARCAS,Taller,MONTERREY,NUEVO LEON,64830,38165337," $4,645.00 "," $4,120 ", $525 , $-   ,7.00,1,1,10,2023,Escape,Ford,2017,SI,
Monterrey,3,TALLER DE CARROCERIA Y PINTURA  3,MULTIMARCAS,Taller,MONTERREY,NUEVO LEON,64830,49521396," $4,655.00 "," $2,840 "," $1,815 ", $-   ,6.00,0,8,11,2023,Ibiza,SEAT,2020,SI,
Monterrey,3,TALLER DE CARROCERIA Y PINTURA  3,MULTIMARCAS,Taller,MONTERREY,NUEVO LEON,64830,46014568," $4,578.00 "," $1,893 "," $2,685 ", $-   ,10.00,0,,10,2023,Yaris,Toyota,2007,SI,
Monterrey,3,TALLER DE CARROCERIA Y PINTURA  3,MULTIMARCAS,Taller,MONTERREY,NUEVO LEON,64830,40697057," $10,500.00 "," $10,094 ", $406 , $-   ,12.00,1,21,11,2023,Tornado,Chevrolet,2020,SI,
Monterrey,3,TALLER DE CARROCERIA Y PINTURA  3,MULTIMARCAS,Taller,MONTERREY,NUEVO LEON,64830,91349923," $2,900.00 "," $2,000 ", $900 , $-   ,4.00,0,,10,2023,Beat,Chevrolet,2019,SI,
Monterrey,3,TALLER DE CARROCERIA Y PINTURA  3,MULTIMARCAS,Taller,MONTERREY,NUEVO LEON,64830,65945129," $23,820.00 "," $22,350 "," $1,470 ", $-   ,18.00,0,9,10,2023,Jetta,Volkswagen,2016,SI,
Monterrey,3,TALLER DE CARROCERIA Y PINTURA  3,MULTIMARCAS,Taller,MONTERREY,NUEVO LEON,64830,65072395," $5,850.00 "," $4,440 "," $1,410 ", $-   ,11.00,0,2,10,2023,hilux,Toyota,2022,SI,
Monterrey,3,TALLER DE CARROCERIA Y PINTURA  3,MULTIMARCAS,Taller,MONTERREY,NUEVO LEON,64830,96767220," $1,185.00 ", $915 , $270 , $-   ,2.00,0,,10,2023,Transpoter,Volkswagen,2017,SI,
Merida,5,TALLER DE CARROCERIA Y PINTURA  5,AGENCIA,Taller,SAN CRISTOBAL DE LAS CASAS,CHIAPAS,29000,28848294," $9,644.00 "," $8,219 "," $1,425 ", $-   ,8.00,0,22,10,2023,Polo,Volkswagen,2015,SI,
Merida,5,TALLER DE CARROCERIA Y PINTURA  5,AGENCIA,Taller,SAN CRISTOBAL DE LAS CASAS,CHIAPAS,29000,16505830," $8,055.00 "," $5,040 "," $3,015 ", $-   ,10.00,1,8,11,2023,Figo,Ford,2016,SI,
Merida,5,TALLER DE CARROCERIA Y PINTURA  5,AGENCIA,Taller,SAN CRISTOBAL DE LAS CASAS,CHIAPAS,29000,13139839," $3,275.00 "," $2,253 "," $1,022 ", $-   ,6.00,1,8,11,2023,Ranger,Ford,2005,SI,
Merida,5,TALLER DE CARROCERIA Y PINTURA  5,AGENCIA,Taller,SAN CRISTOBAL DE LAS CASAS,CHIAPAS,29000,70734571," $38,520.00 "," $34,480 "," $4,040 ", $-   ,18.00,1,52,12,2023,Fiesta,Ford,2013,SI,
Merida,5,TALLER DE CARROCERIA Y PINTURA  5,AGENCIA,Taller,SAN CRISTOBAL DE LAS CASAS,CHIAPAS,29000,19218273," $8,250.00 "," $6,550 "," $1,700 ", $-   ,13.00,1,9,11,2023,Sei3,JAC,2022,SI,
Merida,5,TALLER DE CARROCERIA Y PINTURA  5,AGENCIA,Taller,SAN CRISTOBAL DE LAS CASAS,CHIAPAS,29000,79985503," $3,500.00 "," $1,190 "," $2,310 ", $-   ,6.00,0,0,11,2023,Trax,Chevrolet,2020,SI,
Merida,5,TALLER DE CARROCERIA Y PINTURA  5,AGENCIA,Taller,SAN CRISTOBAL DE LAS CASAS,CHIAPAS,29000,18936998," $178,774.00 "," $166,489 "," $12,285 ", $-   ,25.00,0,7,12,2023,polo,Volkswagen,2020,SI,
Merida,5,TALLER DE CARROCERIA Y PINTURA  5,AGENCIA,Taller,SAN CRISTOBAL DE LAS CASAS,CHIAPAS,29000,55429377," $134,797.65 "," $133,903 ", $895 , $-   ,26.00,0,9,10,2023,Ranger,Ford,2022,SI,
Merida,5,TALLER DE CARROCERIA Y PINTURA  5,AGENCIA,Taller,SAN CRISTOBAL DE LAS CASAS,CHIAPAS,29000,86592658," $6,140.00 "," $2,510 "," $3,630 ", $-   ,12.00,0,0,11,2023,Vento,Volkswagen,2016,SI,
Merida,5,TALLER DE CARROCERIA Y PINTURA  5,AGENCIA,Taller,SAN CRISTOBAL DE LAS CASAS,CHIAPAS,29000,37193066," $67,520.00 "," $63,515 "," $4,005 ", $-   ,21.00,0,3,11,2023,Prius v,Toyota,2016,SI,
Merida,5,TALLER DE CARROCERIA Y PINTURA  5,AGENCIA,Taller,SAN CRISTOBAL DE LAS CASAS,CHIAPAS,29000,75120165," $9,995.00 "," $9,230 ", $765 , $-   ,9.00,0,,10,2023,Np300,Nissan,2018,SI,
Merida,5,TALLER DE CARROCERIA Y PINTURA  5,AGENCIA,Taller,SAN CRISTOBAL DE LAS CASAS,CHIAPAS,29000,30823818," $2,880.00 "," $2,880 ",  , $-   ,4.00,0,,10,2023,Tsuru,Nissan,2005,SI,
Merida,5,TALLER DE CARROCERIA Y PINTURA  5,AGENCIA,Taller,SAN CRISTOBAL DE LAS CASAS,CHIAPAS,29000,61037307," $75,406.00 "," $58,931 "," $16,475 ", $-   ,19.00,0,1,11,2023,Focus,Ford,2010,SI,
Tabasco,6,TALLER DE CARROCERIA Y PINTURA  6,MULTIMARCAS,Taller,CENTRO,TABASCO,86190,99012008," $3,500.00 "," $2,550 ", $950 , $-   ,7.00,1,,11,2023,Aveo,Chevrolet,2011,SI,
Tabasco,6,TALLER DE CARROCERIA Y PINTURA  6,MULTIMARCAS,Taller,CENTRO,TABASCO,86190,10385696," $1,775.00 ", $800 , $975 , $-   ,3.00,1,1,10,2023,POLO,Volkswagen,2015,SI,
Tabasco,6,TALLER DE CARROCERIA Y PINTURA  6,MULTIMARCAS,Taller,CENTRO,TABASCO,86190,12901890," $61,215.28 "," $61,065 ", $150 , $-   ,2.00,1,17,11,2023,Attitude,Dodge,2019,SI,
Tabasco,6,TALLER DE CARROCERIA Y PINTURA  6,MULTIMARCAS,Taller,CENTRO,TABASCO,86190,21923252," $6,210.00 "," $4,650 "," $1,560 ", $-   ,6.00,0,16,11,2023,Versa,Nissan,2017,SI,
Tabasco,6,TALLER DE CARROCERIA Y PINTURA  6,MULTIMARCAS,Taller,CENTRO,TABASCO,86190,36661908," $69,954.74 "," $65,738 "," $4,217 ", $-   ,14.00,0,,10,2023,Fusion,Ford,2019,SI,
Tabasco,6,TALLER DE CARROCERIA Y PINTURA  6,MULTIMARCAS,Taller,CENTRO,TABASCO,86190,33069504," $5,980.00 "," $3,940 "," $2,040 ", $-   ,8.00,0,0,10,2023,HILUX,Toyota,2023,SI,
Tabasco,6,TALLER DE CARROCERIA Y PINTURA  6,MULTIMARCAS,Taller,CENTRO,TABASCO,86190,83283803," $14,582.00 "," $13,112 "," $1,470 ", $-   ,10.00,0,2,10,2023,Versa,Nissan,2012,SI,
Queretaro,7,TALLER DE CARROCERIA Y PINTURA  7,MULTIMARCAS,Taller,SAN JUAN DEL RIO,QUERETARO,76800,81989135," $10,892.00 "," $8,222 "," $2,670 ", $-   ,10.00,1,14,11,2023,Aveo,Chevrolet,2016,SI,
Queretaro,7,TALLER DE CARROCERIA Y PINTURA  7,MULTIMARCAS,Taller,SAN JUAN DEL RIO,QUERETARO,76800,67627591," $6,890.00 "," $5,765 "," $1,125 ", $-   ,10.00,0,,10,2023,Sienna,Toyota,2016,SI,
Queretaro,7,TALLER DE CARROCERIA Y PINTURA  7,MULTIMARCAS,Taller,SAN JUAN DEL RIO,QUERETARO,76800,97941330," $9,575.00 "," $8,390 "," $1,185 ", $-   ,5.00,0,0,11,2023,MKX,Lincoln,2007,SI,
Queretaro,7,TALLER DE CARROCERIA Y PINTURA  7,MULTIMARCAS,Taller,SAN JUAN DEL RIO,QUERETARO,76800,46335867," $3,187.00 "," $2,872 ", $315 , $-   ,8.00,0,,10,2023,Hilux,Toyota,2014,SI,
Queretaro,7,TALLER DE CARROCERIA Y PINTURA  7,MULTIMARCAS,Taller,SAN JUAN DEL RIO,QUERETARO,76800,17528305," $13,025.00 "," $10,550 "," $2,475 ", $-   ,10.00,0,0,12,2023,Spark,Chevrolet,2013,SI,
Puebla,8,TALLER DE CARROCERIA Y PINTURA  8,MULTIMARCAS,Taller,TEHUACAN,PUEBLA,75794,12806258," $8,165.00 "," $6,095 "," $2,070 ", $-   ,15.00,0,0,12,2023,Ibiza,SEAT,2023,SI,
Puebla,8,TALLER DE CARROCERIA Y PINTURA  8,MULTIMARCAS,Taller,TEHUACAN,PUEBLA,75794,38943871," $6,440.00 "," $2,660 "," $3,780 ", $-   ,9.00,0,40,11,2023,Escape,Ford,2017,SI,
Puebla,8,TALLER DE CARROCERIA Y PINTURA  8,MULTIMARCAS,Taller,TEHUACAN,PUEBLA,75794,97057499," $9,085.00 "," $8,470 ", $615 , $-   ,9.00,0,22,10,2023,Ibiza,SEAT,2020,SI,
Puebla,8,TALLER DE CARROCERIA Y PINTURA  8,MULTIMARCAS,Taller,TEHUACAN,PUEBLA,75794,50260752," $5,043.00 "," $4,368 ", $675 , $-   ,7.00,1,27,11,2023,Yaris,Toyota,2007,SI,
Puebla,8,TALLER DE CARROCERIA Y PINTURA  8,MULTIMARCAS,Taller,TEHUACAN,PUEBLA,75794,11053827," $8,565.00 "," $5,250 "," $3,315 ", $-   ,7.00,1,,11,2023,Tornado,Chevrolet,2020,SI,
Puebla,8,TALLER DE CARROCERIA Y PINTURA  8,MULTIMARCAS,Taller,TEHUACAN,PUEBLA,75794,46641604," $17,854.00 "," $15,574 "," $2,280 ", $-   ,19.00,1,6,10,2023,Beat,Chevrolet,2019,SI,
Puebla,8,TALLER DE CARROCERIA Y PINTURA  8,MULTIMARCAS,Taller,TEHUACAN,PUEBLA,75794,92461015," $4,983.00 "," $1,763 "," $3,220 ", $-   ,15.00,4,2,10,2023,Jetta,Volkswagen,2016,SI,
Veracruz,9,TALLER DE CARROCERIA Y PINTURA  9,MULTIMARCAS,Taller,VERACRUZ,VERACRUZ,91728,79706521," $8,455.00 "," $5,170 "," $3,285 ", $-   ,10.00,2,0,11,2023,hilux,Toyota,2022,SI,
Veracruz,9,TALLER DE CARROCERIA Y PINTURA  9,MULTIMARCAS,Taller,VERACRUZ,VERACRUZ,91728,81903182," $7,103.00 "," $5,783 "," $1,320 ", $-   ,10.00,1,,10,2023,Transpoter,Volkswagen,2017,SI,
Veracruz,9,TALLER DE CARROCERIA Y PINTURA  9,MULTIMARCAS,Taller,VERACRUZ,VERACRUZ,91728,16343164," $7,151.00 "," $3,350 "," $3,801 ", $-   ,4.00,0,,10,2023,Polo,Volkswagen,2015,SI,
Veracruz,9,TALLER DE CARROCERIA Y PINTURA  9,MULTIMARCAS,Taller,VERACRUZ,VERACRUZ,91728,45753658," $2,398.00 "," $1,348 "," $1,050 ", $-   ,6.00,1,,11,2023,Figo,Ford,2016,SI,
Veracruz,9,TALLER DE CARROCERIA Y PINTURA  9,MULTIMARCAS,Taller,VERACRUZ,VERACRUZ,91728,75619477," $11,365.00 "," $9,010 "," $2,355 ", $-   ,11.00,0,1,11,2023,Ranger,Ford,2005,SI,
Veracruz,9,TALLER DE CARROCERIA Y PINTURA  9,MULTIMARCAS,Taller,VERACRUZ,VERACRUZ,91728,16080627," $4,495.00 "," $2,860 "," $1,635 ", $-   ,11.00,0,26,11,2023,Fiesta,Ford,2013,SI,
Veracruz,9,TALLER DE CARROCERIA Y PINTURA  9,MULTIMARCAS,Taller,VERACRUZ,VERACRUZ,91728,90915482," $18,057.00 "," $15,822 "," $2,235 ", $-   ,13.00,2,36,11,2023,Sei3,JAC,2022,SI,
Veracruz,9,TALLER DE CARROCERIA Y PINTURA  9,MULTIMARCAS,Taller,VERACRUZ,VERACRUZ,91728,10176481," $23,573.71 "," $17,149 "," $6,425 ", $-   ,15.00,1,19,11,2023,Trax,Chevrolet,2020,SI,
Veracruz,9,TALLER DE CARROCERIA Y PINTURA  9,MULTIMARCAS,Taller,VERACRUZ,VERACRUZ,91728,66575050," $4,410.00 "," $1,740 "," $2,670 ", $-   ,4.00,0,2,10,2023,polo,Volkswagen,2020,SI,
Veracruz,9,TALLER DE CARROCERIA Y PINTURA  9,MULTIMARCAS,Taller,VERACRUZ,VERACRUZ,91728,47116364," $6,014.00 "," $1,610 "," $4,404 ", $-   ,3.00,0,,10,2023,Ranger,Ford,2022,SI,
Veracruz,9,TALLER DE CARROCERIA Y PINTURA  9,MULTIMARCAS,Taller,VERACRUZ,VERACRUZ,91728,68212709," $3,177.00 "," $2,247 ", $930 , $-   ,7.00,2,,10,2023,Vento,Volkswagen,2016,SI,
Veracruz,9,TALLER DE CARROCERIA Y PINTURA  9,MULTIMARCAS,Taller,VERACRUZ,VERACRUZ,91728,46020217," $183,210.00 "," $177,360 "," $5,850 ", $-   ,16.00,0,-2,10,2023,Prius v,Toyota,2016,SI,
Veracruz,9,TALLER DE CARROCERIA Y PINTURA  9,MULTIMARCAS,Taller,VERACRUZ,VERACRUZ,91728,56805999," $7,265.00 "," $5,905 "," $1,360 ", $-   ,11.00,1,,11,2023,Np300,Nissan,2018,SI,
Veracruz,9,TALLER DE CARROCERIA Y PINTURA  9,MULTIMARCAS,Taller,VERACRUZ,VERACRUZ,91728,89818235," $23,925.00 "," $19,260 "," $4,665 ", $-   ,15.00,0,3,10,2023,Tsuru,Nissan,2005,SI,
Veracruz,9,TALLER DE CARROCERIA Y PINTURA  9,MULTIMARCAS,Taller,VERACRUZ,VERACRUZ,91728,43381031," $3,320.00 "," $2,990 ", $330 , $-   ,4.00,0,,10,2023,Focus,Ford,2010,SI,
Veracruz,9,TALLER DE CARROCERIA Y PINTURA  9,MULTIMARCAS,Taller,VERACRUZ,VERACRUZ,91728,61915199," $9,250.00 "," $6,450 "," $2,800 ", $-   ,14.00,0,-1,10,2023,Aveo,Chevrolet,2011,SI,
Veracruz,9,TALLER DE CARROCERIA Y PINTURA  9,MULTIMARCAS,Taller,VERACRUZ,VERACRUZ,91728,44295905," $5,335.00 "," $2,630 "," $2,705 ", $-   ,10.00,1,16,11,2023,POLO,Volkswagen,2015,SI,
Veracruz,9,TALLER DE CARROCERIA Y PINTURA  9,MULTIMARCAS,Taller,VERACRUZ,VERACRUZ,91728,68095551," $5,889.00 "," $3,789 "," $2,100 ", $-   ,11.00,0,26,11,2023,Attitude,Dodge,2019,SI,
Veracruz,9,TALLER DE CARROCERIA Y PINTURA  9,MULTIMARCAS,Taller,VERACRUZ,VERACRUZ,91728,19429003," $6,355.00 "," $3,460 "," $2,895 ", $-   ,11.00,0,14,10,2023,Versa,Nissan,2017,SI,
Veracruz,9,TALLER DE CARROCERIA Y PINTURA  9,MULTIMARCAS,Taller,VERACRUZ,VERACRUZ,91728,30562940," $56,584.61 "," $28,698 "," $27,887 ", $-   ,22.00,4,29,11,2023,Fusion,Ford,2019,SI,
Veracruz,9,TALLER DE CARROCERIA Y PINTURA  9,MULTIMARCAS,Taller,VERACRUZ,VERACRUZ,91728,63515846," $12,136.03 "," $6,099 "," $6,038 ", $-   ,5.00,0,29,11,2023,HILUX,Toyota,2023,SI,
Veracruz,9,TALLER DE CARROCERIA Y PINTURA  9,MULTIMARCAS,Taller,VERACRUZ,VERACRUZ,91728,17636206," $8,555.00 "," $6,110 "," $2,445 ", $-   ,11.00,1,,11,2023,Versa,Nissan,2012,SI,
Veracruz,9,TALLER DE CARROCERIA Y PINTURA  9,MULTIMARCAS,Taller,VERACRUZ,VERACRUZ,91728,39106110," $17,390.00 "," $11,630 "," $5,760 ", $-   ,3.00,0,8,11,2023,Aveo,Chevrolet,2016,SI,
Veracruz,9,TALLER DE CARROCERIA Y PINTURA  9,MULTIMARCAS,Taller,VERACRUZ,VERACRUZ,91728,54353752," $9,320.00 "," $7,550 "," $1,770 ", $-   ,5.00,0,0,11,2023,Sienna,Toyota,2016,SI,
Veracruz,9,TALLER DE CARROCERIA Y PINTURA  9,MULTIMARCAS,Taller,VERACRUZ,VERACRUZ,91728,67740937," $7,223.00 "," $4,463 "," $2,760 ", $-   ,14.00,1,,10,2023,MKX,Lincoln,2007,SI,
Veracruz,9,TALLER DE CARROCERIA Y PINTURA  9,MULTIMARCAS,Taller,VERACRUZ,VERACRUZ,91728,82742090," $17,641.24 "," $16,831 ", $810 , $-   ,2.00,0,4,11,2023,Hilux,Toyota,2014,SI,
Veracruz,9,TALLER DE CARROCERIA Y PINTURA  9,MULTIMARCAS,Taller,VERACRUZ,VERACRUZ,91728,34049710," $7,295.00 "," $6,620 ", $675 , $-   ,7.00,0,4,10,2023,Spark,Chevrolet,2013,SI,
Veracruz,9,TALLER DE CARROCERIA Y PINTURA  9,MULTIMARCAS,Taller,VERACRUZ,VERACRUZ,91728,61151493," $4,200.00 "," $3,220 ", $980 , $-   ,4.00,1,0,10,2023,Ibiza,SEAT,2023,SI,
Veracruz,9,TALLER DE CARROCERIA Y PINTURA  9,MULTIMARCAS,Taller,VERACRUZ,VERACRUZ,91728,34364541," $4,300.00 "," $2,380 "," $1,920 ", $-   ,8.00,1,,11,2023,Escape,Ford,2017,SI,
Veracruz,9,TALLER DE CARROCERIA Y PINTURA  9,MULTIMARCAS,Taller,VERACRUZ,VERACRUZ,91728,20190399," $10,050.00 "," $5,195 "," $4,855 ", $-   ,9.00,0,2,11,2023,Ibiza,SEAT,2020,SI,
Veracruz,9,TALLER DE CARROCERIA Y PINTURA  9,MULTIMARCAS,Taller,VERACRUZ,VERACRUZ,91728,34250101," $3,475.00 "," $3,400 ", $75 , $-   ,1.00,0,4,10,2023,Yaris,Toyota,2007,SI,
Guadalajara,2,TALLER DE CARROCERIA Y PINTURA  2,MULTIMARCAS,Equipo pesado,GUADALAJARA,JALISCO,44960,93877302," $7,276.00 "," $6,616 ", $660 , $-   ,5.00,0,0,12,2023,Tornado,Chevrolet,2020,SI,
Guadalajara,2,TALLER DE CARROCERIA Y PINTURA  2,MULTIMARCAS,Equipo pesado,GUADALAJARA,JALISCO,44960,69775221," $31,343.63 "," $25,244 "," $6,100 ", $-   ,20.00,1,29,11,2023,Beat,Chevrolet,2019,SI,
Guadalajara,2,TALLER DE CARROCERIA Y PINTURA  2,MULTIMARCAS,Equipo pesado,GUADALAJARA,JALISCO,44960,74009096," $7,385.00 "," $5,360 "," $2,025 ", $-   ,8.00,0,-1,10,2023,Jetta,Volkswagen,2016,SI,
Guadalajara,2,TALLER DE CARROCERIA Y PINTURA  2,MULTIMARCAS,Equipo pesado,GUADALAJARA,JALISCO,44960,23930302," $16,175.00 "," $14,225 "," $1,950 ", $-   ,12.00,2,33,11,2023,hilux,Toyota,2022,SI,
Guadalajara,2,TALLER DE CARROCERIA Y PINTURA  2,MULTIMARCAS,Equipo pesado,GUADALAJARA,JALISCO,44960,13836996," $4,939.00 "," $4,504 ", $435 , $-   ,7.00,0,,10,2023,Transpoter,Volkswagen,2017,SI,
Guadalajara,2,TALLER DE CARROCERIA Y PINTURA  2,MULTIMARCAS,Equipo pesado,GUADALAJARA,JALISCO,44960,60323568," $15,300.00 "," $14,180 "," $1,120 ", $-   ,15.00,1,,11,2023,Polo,Volkswagen,2015,SI,
Guadalajara,2,TALLER DE CARROCERIA Y PINTURA  2,MULTIMARCAS,Equipo pesado,GUADALAJARA,JALISCO,44960,42757111," $5,000.00 "," $3,700 "," $1,300 ", $-   ,4.00,1,,12,2023,Figo,Ford,2016,SI,
Mexico,4,TALLER DE CARROCERIA Y PINTURA  4,MULTIMARCAS,Motos,BENITO JUAREZ,CIUDAD DE MEXICO,3400,94546817," $33,595.00 "," $28,520 "," $5,075 ", $-   ,9.00,0,0,11,2023,Ranger,Ford,2005,SI,
Mexico,4,TALLER DE CARROCERIA Y PINTURA  4,MULTIMARCAS,Motos,BENITO JUAREZ,CIUDAD DE MEXICO,3400,30522231," $4,900.00 "," $2,590 "," $2,310 ", $-   ,7.00,1,12,11,2023,Fiesta,Ford,2013,SI,
Mexico,4,TALLER DE CARROCERIA Y PINTURA  4,MULTIMARCAS,Motos,BENITO JUAREZ,CIUDAD DE MEXICO,3400,98263893," $9,229.00 "," $5,149 "," $4,080 ", $-   ,18.00,1,50,12,2023,Sei3,JAC,2022,SI,
Mexico,4,TALLER DE CARROCERIA Y PINTURA  4,MULTIMARCAS,Motos,BENITO JUAREZ,CIUDAD DE MEXICO,3400,52908237," $5,175.00 "," $1,920 "," $3,255 ", $-   ,5.00,0,0,10,2023,Trax,Chevrolet,2020,SI,
Mexico,4,TALLER DE CARROCERIA Y PINTURA  4,MULTIMARCAS,Motos,BENITO JUAREZ,CIUDAD DE MEXICO,3400,73556135," $7,135.00 "," $4,810 "," $2,325 ", $-   ,14.00,0,3,10,2023,polo,Volkswagen,2020,SI,
Mexico,4,TALLER DE CARROCERIA Y PINTURA  4,MULTIMARCAS,Motos,BENITO JUAREZ,CIUDAD DE MEXICO,3400,78779542," $1,695.00 ",  ," $1,695 ", $-   ,0.00,0,,10,2023,Ranger,Ford,2022,SI,
Mexico,4,TALLER DE CARROCERIA Y PINTURA  4,MULTIMARCAS,Motos,BENITO JUAREZ,CIUDAD DE MEXICO,3400,99083066," $75,489.00 "," $70,269 "," $5,220 ", $-   ,5.00,1,6,10,2023,Vento,Volkswagen,2016,SI,
Mexico,4,TALLER DE CARROCERIA Y PINTURA  4,MULTIMARCAS,Motos,BENITO JUAREZ,CIUDAD DE MEXICO,3400,64123435," $5,479.00 "," $4,114 "," $1,365 ", $-   ,6.00,0,,10,2023,Prius v,Toyota,2016,SI,
Mexico,4,TALLER DE CARROCERIA Y PINTURA  4,MULTIMARCAS,Motos,BENITO JUAREZ,CIUDAD DE MEXICO,3400,63914328," $5,000.00 "," $3,305 "," $1,695 ", $-   ,7.00,3,21,10,2023,Np300,Nissan,2018,SI,
Culiacan,10,TALLER DE CARROCERIA Y PINTURA  10,AGENCIA,Multimarca ,LOS MOCHIS,SINALOA,81280,24862877," $11,095.00 "," $8,905 "," $2,190 ", $-   ,11.00,0,5,10,2023,Tsuru,Nissan,2005,SI,
Culiacan,10,TALLER DE CARROCERIA Y PINTURA  10,AGENCIA,Multimarca ,LOS MOCHIS,SINALOA,81280,21683284," $9,850.00 "," $7,420 "," $2,430 ", $-   ,9.00,0,58,12,2023,Focus,Ford,2010,SI,
Culiacan,10,TALLER DE CARROCERIA Y PINTURA  10,AGENCIA,Multimarca ,LOS MOCHIS,SINALOA,81280,92741430," $5,675.00 "," $3,350 "," $2,325 ", $-   ,7.00,0,1,10,2023,Aveo,Chevrolet,2011,SI,
Monterrey,1,TALLER DE CARROCERIA Y PINTURA  1,MULTIMARCAS,Taller,MONTERREY,NUEVO LEON,64280,39786787," $3,345.00 "," $2,490 ", $855 , $-   ,8.00,0,3,10,2023,POLO,Volkswagen,2015,SI,
Monterrey,1,TALLER DE CARROCERIA Y PINTURA  1,MULTIMARCAS,Taller,MONTERREY,NUEVO LEON,64280,53905282," $214,281.00 "," $210,456 "," $3,825 ", $-   ,25.00,0,11,10,2023,Attitude,Dodge,2019,SI,
Monterrey,1,TALLER DE CARROCERIA Y PINTURA  1,MULTIMARCAS,Taller,MONTERREY,NUEVO LEON,64280,89903971," $19,237.86 "," $18,950 ", $288 , $-   ,1.00,0,,10,2023,Versa,Nissan,2017,SI,
Monterrey,1,TALLER DE CARROCERIA Y PINTURA  1,MULTIMARCAS,Taller,MONTERREY,NUEVO LEON,64280,79287267," $7,315.00 "," $4,780 "," $2,535 ", $-   ,14.00,2,45,11,2023,Fusion,Ford,2019,SI,
Monterrey,1,TALLER DE CARROCERIA Y PINTURA  1,MULTIMARCAS,Taller,MONTERREY,NUEVO LEON,64280,52660074," $8,595.00 "," $5,820 "," $2,775 ", $-   ,10.00,0,1,10,2023,HILUX,Toyota,2023,SI,
Monterrey,1,TALLER DE CARROCERIA Y PINTURA  1,MULTIMARCAS,Taller,MONTERREY,NUEVO LEON,64280,84345722," $1,950.00 ", $700 ," $1,250 ", $-   ,3.00,1,25,11,2023,Versa,Nissan,2012,SI,
Monterrey,1,TALLER DE CARROCERIA Y PINTURA  1,MULTIMARCAS,Taller,MONTERREY,NUEVO LEON,64280,12663624," $58,610.00 "," $55,655 "," $2,955 ", $-   ,27.00,1,71,12,2023,Aveo,Chevrolet,2016,SI,
Monterrey,3,TALLER DE CARROCERIA Y PINTURA  3,MULTIMARCAS,Taller,MONTERREY,NUEVO LEON,64830,38165337," $31,845.00 "," $30,870 ", $975 , $-   ,8.00,0,1,10,2023,Sienna,Toyota,2016,SI,
Monterrey,3,TALLER DE CARROCERIA Y PINTURA  3,MULTIMARCAS,Taller,MONTERREY,NUEVO LEON,64830,49521396," $6,290.00 "," $3,110 "," $3,180 ", $-   ,10.00,0,,10,2023,MKX,Lincoln,2007,SI,
Monterrey,3,TALLER DE CARROCERIA Y PINTURA  3,MULTIMARCAS,Taller,MONTERREY,NUEVO LEON,64830,46014568," $17,310.00 "," $12,680 "," $4,630 ", $-   ,6.00,0,0,11,2023,Hilux,Toyota,2014,SI,
Monterrey,3,TALLER DE CARROCERIA Y PINTURA  3,MULTIMARCAS,Taller,MONTERREY,NUEVO LEON,64830,40697057," $12,646.00 "," $6,981 "," $5,665 ", $-   ,7.00,1,77,12,2023,Spark,Chevrolet,2013,SI,
Monterrey,3,TALLER DE CARROCERIA Y PINTURA  3,MULTIMARCAS,Taller,MONTERREY,NUEVO LEON,64830,91349923," $9,948.00 "," $9,123 ", $825 , $-   ,11.00,1,24,10,2023,Ibiza,SEAT,2023,SI,
Monterrey,3,TALLER DE CARROCERIA Y PINTURA  3,MULTIMARCAS,Taller,MONTERREY,NUEVO LEON,64830,65945129," $4,930.00 "," $2,440 "," $2,490 ", $-   ,13.00,0,0,10,2023,Escape,Ford,2017,SI,
Monterrey,3,TALLER DE CARROCERIA Y PINTURA  3,MULTIMARCAS,Taller,MONTERREY,NUEVO LEON,64830,65072395," $9,355.00 "," $6,850 "," $2,505 ", $-   ,14.00,0,,10,2023,Ibiza,SEAT,2020,SI,
Monterrey,3,TALLER DE CARROCERIA Y PINTURA  3,MULTIMARCAS,Taller,MONTERREY,NUEVO LEON,64830,96767220," $9,141.00 "," $6,012 "," $3,129 ", $-   ,14.00,0,,10,2023,Yaris,Toyota,2007,SI,
Merida,5,TALLER DE CARROCERIA Y PINTURA  5,AGENCIA,Taller,SAN CRISTOBAL DE LAS CASAS,CHIAPAS,29000,28848294," $22,463.00 "," $18,563 "," $3,900 ", $-   ,13.00,3,19,10,2023,Tornado,Chevrolet,2020,SI,
Merida,5,TALLER DE CARROCERIA Y PINTURA  5,AGENCIA,Taller,SAN CRISTOBAL DE LAS CASAS,CHIAPAS,29000,16505830," $10,585.00 "," $7,210 "," $3,375 ", $-   ,18.00,0,16,12,2023,Beat,Chevrolet,2019,SI,
Merida,5,TALLER DE CARROCERIA Y PINTURA  5,AGENCIA,Taller,SAN CRISTOBAL DE LAS CASAS,CHIAPAS,29000,13139839," $6,815.00 "," $4,865 "," $1,950 ", $-   ,7.00,0,2,10,2023,Jetta,Volkswagen,2016,SI,
Merida,5,TALLER DE CARROCERIA Y PINTURA  5,AGENCIA,Taller,SAN CRISTOBAL DE LAS CASAS,CHIAPAS,29000,70734571," $18,350.00 "," $15,200 "," $3,150 ", $-   ,13.00,0,0,10,2023,hilux,Toyota,2022,SI,
Merida,5,TALLER DE CARROCERIA Y PINTURA  5,AGENCIA,Taller,SAN CRISTOBAL DE LAS CASAS,CHIAPAS,29000,19218273," $7,085.00 "," $5,150 "," $1,935 ", $-   ,6.00,0,0,11,2023,Transpoter,Volkswagen,2017,SI,
Merida,5,TALLER DE CARROCERIA Y PINTURA  5,AGENCIA,Taller,SAN CRISTOBAL DE LAS CASAS,CHIAPAS,29000,79985503," $1,760.00 "," $1,550 ", $210 , $-   ,4.00,0,,10,2023,Polo,Volkswagen,2015,SI,
Merida,5,TALLER DE CARROCERIA Y PINTURA  5,AGENCIA,Taller,SAN CRISTOBAL DE LAS CASAS,CHIAPAS,29000,18936998," $46,585.00 "," $42,130 "," $4,455 ", $-   ,16.00,1,5,11,2023,Figo,Ford,2016,SI,
Merida,5,TALLER DE CARROCERIA Y PINTURA  5,AGENCIA,Taller,SAN CRISTOBAL DE LAS CASAS,CHIAPAS,29000,55429377," $7,858.00 "," $7,153 ", $705 , $-   ,5.00,0,,10,2023,Ranger,Ford,2005,SI,
Merida,5,TALLER DE CARROCERIA Y PINTURA  5,AGENCIA,Taller,SAN CRISTOBAL DE LAS CASAS,CHIAPAS,29000,86592658," $5,915.00 "," $3,530 "," $2,385 ", $-   ,7.00,0,,10,2023,Fiesta,Ford,2013,SI,
Merida,5,TALLER DE CARROCERIA Y PINTURA  5,AGENCIA,Taller,SAN CRISTOBAL DE LAS CASAS,CHIAPAS,29000,37193066," $22,796.96 "," $20,997 "," $1,800 ", $-   ,11.00,0,64,11,2023,Sei3,JAC,2022,SI,
Merida,5,TALLER DE CARROCERIA Y PINTURA  5,AGENCIA,Taller,SAN CRISTOBAL DE LAS CASAS,CHIAPAS,29000,75120165," $10,097.00 "," $9,107 ", $990 , $-   ,9.00,0,3,10,2023,Trax,Chevrolet,2020,SI,
Merida,5,TALLER DE CARROCERIA Y PINTURA  5,AGENCIA,Taller,SAN CRISTOBAL DE LAS CASAS,CHIAPAS,29000,30823818," $5,625.00 "," $3,847 "," $1,778 ", $-   ,5.00,2,,10,2023,polo,Volkswagen,2020,SI,
Merida,5,TALLER DE CARROCERIA Y PINTURA  5,AGENCIA,Taller,SAN CRISTOBAL DE LAS CASAS,CHIAPAS,29000,61037307," $63,815.00 "," $60,290 "," $3,525 ", $-   ,13.00,0,-6,10,2023,Ranger,Ford,2022,SI,
Tabasco,6,TALLER DE CARROCERIA Y PINTURA  6,MULTIMARCAS,Taller,CENTRO,TABASCO,86190,99012008," $5,945.00 "," $3,770 "," $2,175 ", $-   ,11.00,0,3,10,2023,Vento,Volkswagen,2016,SI,
Tabasco,6,TALLER DE CARROCERIA Y PINTURA  6,MULTIMARCAS,Taller,CENTRO,TABASCO,86190,10385696," $7,955.00 "," $6,080 "," $1,875 ", $-   ,8.00,0,0,10,2023,Prius v,Toyota,2016,SI,
Tabasco,6,TALLER DE CARROCERIA Y PINTURA  6,MULTIMARCAS,Taller,CENTRO,TABASCO,86190,12901890," $1,900.00 ", $850 ," $1,050 ", $-   ,3.00,0,0,10,2023,Np300,Nissan,2018,SI,
Tabasco,6,TALLER DE CARROCERIA Y PINTURA  6,MULTIMARCAS,Taller,CENTRO,TABASCO,86190,21923252," $4,012.00 "," $1,357 "," $2,655 ", $-   ,13.00,0,0,12,2023,Tsuru,Nissan,2005,SI,
Tabasco,6,TALLER DE CARROCERIA Y PINTURA  6,MULTIMARCAS,Taller,CENTRO,TABASCO,86190,36661908," $5,625.00 "," $2,895 "," $2,730 ", $-   ,6.00,1,4,10,2023,Focus,Ford,2010,SI,
Tabasco,6,TALLER DE CARROCERIA Y PINTURA  6,MULTIMARCAS,Taller,CENTRO,TABASCO,86190,33069504," $4,406.00 "," $1,046 "," $3,360 ", $-   ,5.00,0,6,12,2023,Aveo,Chevrolet,2011,SI,
Tabasco,6,TALLER DE CARROCERIA Y PINTURA  6,MULTIMARCAS,Taller,CENTRO,TABASCO,86190,83283803," $12,935.00 "," $8,040 "," $4,895 ", $-   ,8.00,0,1,11,2023,POLO,Volkswagen,2015,SI,
Queretaro,7,TALLER DE CARROCERIA Y PINTURA  7,MULTIMARCAS,Taller,SAN JUAN DEL RIO,QUERETARO,76800,81989135," $13,155.00 "," $7,410 "," $5,745 ", $-   ,13.00,2,45,11,2023,Attitude,Dodge,2019,SI,
Queretaro,7,TALLER DE CARROCERIA Y PINTURA  7,MULTIMARCAS,Taller,SAN JUAN DEL RIO,QUERETARO,76800,67627591," $5,106.00 "," $2,406 "," $2,700 ", $-   ,7.00,0,18,10,2023,Versa,Nissan,2017,SI,
Queretaro,7,TALLER DE CARROCERIA Y PINTURA  7,MULTIMARCAS,Taller,SAN JUAN DEL RIO,QUERETARO,76800,97941330," $38,635.95 "," $34,236 "," $4,400 ", $-   ,11.00,2,19,10,2023,Fusion,Ford,2019,SI,
Queretaro,7,TALLER DE CARROCERIA Y PINTURA  7,MULTIMARCAS,Taller,SAN JUAN DEL RIO,QUERETARO,76800,46335867," $8,050.00 "," $7,075 ", $975 , $-   ,5.00,1,37,11,2023,HILUX,Toyota,2023,SI,
Queretaro,7,TALLER DE CARROCERIA Y PINTURA  7,MULTIMARCAS,Taller,SAN JUAN DEL RIO,QUERETARO,76800,17528305," $8,068.00 "," $6,553 "," $1,515 ", $-   ,9.00,1,,10,2023,Versa,Nissan,2012,SI,
Puebla,8,TALLER DE CARROCERIA Y PINTURA  8,MULTIMARCAS,Taller,TEHUACAN,PUEBLA,75794,12806258," $9,079.00 "," $7,564 "," $1,515 ", $-   ,11.00,0,51,11,2023,Aveo,Chevrolet,2016,SI,
Puebla,8,TALLER DE CARROCERIA Y PINTURA  8,MULTIMARCAS,Taller,TEHUACAN,PUEBLA,75794,38943871," $8,980.00 "," $7,210 "," $1,770 ", $-   ,14.00,1,57,12,2023,Sienna,Toyota,2016,SI,
Puebla,8,TALLER DE CARROCERIA Y PINTURA  8,MULTIMARCAS,Taller,TEHUACAN,PUEBLA,75794,97057499," $5,680.00 "," $3,670 "," $2,010 ", $-   ,8.00,0,1,10,2023,MKX,Lincoln,2007,SI,
Puebla,8,TALLER DE CARROCERIA Y PINTURA  8,MULTIMARCAS,Taller,TEHUACAN,PUEBLA,75794,50260752," $10,110.00 "," $6,840 "," $3,270 ", $-   ,13.00,1,31,12,2023,Hilux,Toyota,2014,SI,
Puebla,8,TALLER DE CARROCERIA Y PINTURA  8,MULTIMARCAS,Taller,TEHUACAN,PUEBLA,75794,11053827," $4,960.00 "," $3,230 "," $1,730 ", $-   ,10.00,0,0,10,2023,Spark,Chevrolet,2013,SI,
Puebla,8,TALLER DE CARROCERIA Y PINTURA  8,MULTIMARCAS,Taller,TEHUACAN,PUEBLA,75794,46641604," $25,910.00 "," $23,300 "," $2,610 ", $-   ,6.00,0,0,10,2023,Ibiza,SEAT,2023,SI,
Puebla,8,TALLER DE CARROCERIA Y PINTURA  8,MULTIMARCAS,Taller,TEHUACAN,PUEBLA,75794,92461015," $11,870.00 "," $6,020 "," $5,850 ", $-   ,8.00,1,5,11,2023,Escape,Ford,2017,SI,
Veracruz,9,TALLER DE CARROCERIA Y PINTURA  9,MULTIMARCAS,Taller,VERACRUZ,VERACRUZ,91728,79706521," $3,510.00 "," $3,360 ", $150 , $-   ,2.00,2,24,10,2023,Ibiza,SEAT,2020,SI,
Veracruz,9,TALLER DE CARROCERIA Y PINTURA  9,MULTIMARCAS,Taller,VERACRUZ,VERACRUZ,91728,81903182," $8,355.00 "," $5,970 "," $2,385 ", $-   ,11.00,0,-1,10,2023,Yaris,Toyota,2007,SI,
Veracruz,9,TALLER DE CARROCERIA Y PINTURA  9,MULTIMARCAS,Taller,VERACRUZ,VERACRUZ,91728,16343164," $2,090.00 "," $1,740 ", $350 , $-   ,2.00,0,,10,2023,Tornado,Chevrolet,2020,SI,
Veracruz,9,TALLER DE CARROCERIA Y PINTURA  9,MULTIMARCAS,Taller,VERACRUZ,VERACRUZ,91728,45753658," $5,800.00 "," $4,030 "," $1,770 ", $-   ,10.00,1,10,10,2023,Beat,Chevrolet,2019,SI,
Veracruz,9,TALLER DE CARROCERIA Y PINTURA  9,MULTIMARCAS,Taller,VERACRUZ,VERACRUZ,91728,75619477," $8,800.00 "," $7,145 "," $1,655 ", $-   ,5.00,0,12,10,2023,Jetta,Volkswagen,2016,SI,
Veracruz,9,TALLER DE CARROCERIA Y PINTURA  9,MULTIMARCAS,Taller,VERACRUZ,VERACRUZ,91728,16080627," $15,335.00 "," $13,850 "," $1,485 ", $-   ,18.00,0,,10,2023,hilux,Toyota,2022,SI,
Veracruz,9,TALLER DE CARROCERIA Y PINTURA  9,MULTIMARCAS,Taller,VERACRUZ,VERACRUZ,91728,90915482," $15,553.10 "," $15,103 ", $450 , $-   ,5.00,1,29,10,2023,Transpoter,Volkswagen,2017,SI,
Veracruz,9,TALLER DE CARROCERIA Y PINTURA  9,MULTIMARCAS,Taller,VERACRUZ,VERACRUZ,91728,10176481, $360.00 ,  , $360 , $-   ,1.00,0,0,11,2023,Polo,Volkswagen,2015,SI,
Veracruz,9,TALLER DE CARROCERIA Y PINTURA  9,MULTIMARCAS,Taller,VERACRUZ,VERACRUZ,91728,66575050," $11,075.00 "," $8,390 "," $2,685 ", $-   ,17.00,0,0,11,2023,Figo,Ford,2016,SI,
Veracruz,9,TALLER DE CARROCERIA Y PINTURA  9,MULTIMARCAS,Taller,VERACRUZ,VERACRUZ,91728,47116364," $9,235.00 "," $7,210 "," $2,025 ", $-   ,5.00,0,49,11,2023,Ranger,Ford,2005,SI,
Veracruz,9,TALLER DE CARROCERIA Y PINTURA  9,MULTIMARCAS,Taller,VERACRUZ,VERACRUZ,91728,68212709," $5,000.00 "," $4,160 ", $840 , $-   ,11.00,0,1,10,2023,Fiesta,Ford,2013,SI,
Veracruz,9,TALLER DE CARROCERIA Y PINTURA  9,MULTIMARCAS,Taller,VERACRUZ,VERACRUZ,91728,46020217," $5,389.00 "," $1,649 "," $3,740 ", $-   ,7.00,2,86,12,2023,Sei3,JAC,2022,SI,
Veracruz,9,TALLER DE CARROCERIA Y PINTURA  9,MULTIMARCAS,Taller,VERACRUZ,VERACRUZ,91728,56805999," $8,835.00 "," $4,710 "," $4,125 ", $-   ,7.00,0,79,10,2023,Trax,Chevrolet,2020,SI,
Veracruz,9,TALLER DE CARROCERIA Y PINTURA  9,MULTIMARCAS,Taller,VERACRUZ,VERACRUZ,91728,89818235," $6,648.33 "," $5,623 "," $1,025 ", $-   ,15.00,1,,10,2023,polo,Volkswagen,2020,SI,
Veracruz,9,TALLER DE CARROCERIA Y PINTURA  9,MULTIMARCAS,Taller,VERACRUZ,VERACRUZ,91728,43381031," $15,440.00 "," $14,490 ", $950 , $-   ,5.00,0,0,10,2023,Ranger,Ford,2022,SI,
Veracruz,9,TALLER DE CARROCERIA Y PINTURA  9,MULTIMARCAS,Taller,VERACRUZ,VERACRUZ,91728,61915199," $15,940.00 "," $13,615 "," $2,325 ", $-   ,12.00,1,,10,2023,Vento,Volkswagen,2016,SI,
Veracruz,9,TALLER DE CARROCERIA Y PINTURA  9,MULTIMARCAS,Taller,VERACRUZ,VERACRUZ,91728,44295905," $9,052.00 "," $5,917 "," $3,135 ", $-   ,9.00,0,62,12,2023,Prius v,Toyota,2016,SI,
Veracruz,9,TALLER DE CARROCERIA Y PINTURA  9,MULTIMARCAS,Taller,VERACRUZ,VERACRUZ,91728,68095551," $7,910.00 "," $6,590 "," $1,320 ", $-   ,7.00,0,3,10,2023,Np300,Nissan,2018,SI,
Veracruz,9,TALLER DE CARROCERIA Y PINTURA  9,MULTIMARCAS,Taller,VERACRUZ,VERACRUZ,91728,19429003," $12,915.00 "," $8,940 "," $3,975 ", $-   ,15.00,3,16,12,2023,Tsuru,Nissan,2005,SI,
Veracruz,9,TALLER DE CARROCERIA Y PINTURA  9,MULTIMARCAS,Taller,VERACRUZ,VERACRUZ,91728,30562940," $3,195.00 "," $2,250 ", $945 , $-   ,7.00,0,,10,2023,Focus,Ford,2010,SI,
Veracruz,9,TALLER DE CARROCERIA Y PINTURA  9,MULTIMARCAS,Taller,VERACRUZ,VERACRUZ,91728,63515846," $12,985.00 "," $12,085 ", $900 , $-   ,9.00,0,11,10,2023,Aveo,Chevrolet,2011,SI,
Veracruz,9,TALLER DE CARROCERIA Y PINTURA  9,MULTIMARCAS,Taller,VERACRUZ,VERACRUZ,91728,17636206," $3,810.00 "," $1,860 "," $1,950 ", $-   ,1.00,0,,10,2023,POLO,Volkswagen,2015,SI,
Veracruz,9,TALLER DE CARROCERIA Y PINTURA  9,MULTIMARCAS,Taller,VERACRUZ,VERACRUZ,91728,39106110," $2,855.00 "," $1,090 "," $1,765 ", $-   ,3.00,0,,10,2023,Attitude,Dodge,2019,SI,
Veracruz,9,TALLER DE CARROCERIA Y PINTURA  9,MULTIMARCAS,Taller,VERACRUZ,VERACRUZ,91728,54353752," $7,605.00 "," $4,740 "," $2,865 ", $-   ,9.00,0,0,12,2023,Versa,Nissan,2017,SI,
Veracruz,9,TALLER DE CARROCERIA Y PINTURA  9,MULTIMARCAS,Taller,VERACRUZ,VERACRUZ,91728,67740937," $6,439.00 "," $4,729 "," $1,710 ", $-   ,8.00,0,0,12,2023,Fusion,Ford,2019,SI,
Veracruz,9,TALLER DE CARROCERIA Y PINTURA  9,MULTIMARCAS,Taller,VERACRUZ,VERACRUZ,91728,82742090," $9,877.00 "," $8,917 ", $960 , $-   ,9.00,0,,12,2023,HILUX,Toyota,2023,SI,
Veracruz,9,TALLER DE CARROCERIA Y PINTURA  9,MULTIMARCAS,Taller,VERACRUZ,VERACRUZ,91728,34049710," $2,510.00 "," $2,370 ", $140 , $-   ,5.00,0,2,12,2023,Versa,Nissan,2012,SI,
Veracruz,9,TALLER DE CARROCERIA Y PINTURA  9,MULTIMARCAS,Taller,VERACRUZ,VERACRUZ,91728,61151493," $3,573.00 "," $1,803 "," $1,770 ", $-   ,3.00,0,3,12,2023,Aveo,Chevrolet,2016,SI,
Veracruz,9,TALLER DE CARROCERIA Y PINTURA  9,MULTIMARCAS,Taller,VERACRUZ,VERACRUZ,91728,34364541," $3,525.00 ",  ," $3,525 ", $-   ,0.00,0,,12,2023,Sienna,Toyota,2016,SI,
Veracruz,9,TALLER DE CARROCERIA Y PINTURA  9,MULTIMARCAS,Taller,VERACRUZ,VERACRUZ,91728,20190399," $5,300.00 "," $3,785 "," $1,515 ", $-   ,6.00,1,,12,2023,MKX,Lincoln,2007,SI,
Veracruz,9,TALLER DE CARROCERIA Y PINTURA  9,MULTIMARCAS,Taller,VERACRUZ,VERACRUZ,91728,34250101," $51,485.00 "," $34,855 "," $16,630 ", $-   ,23.00,0,1,12,2023,Hilux,Toyota,2014,SI,
Guadalajara,2,TALLER DE CARROCERIA Y PINTURA  2,MULTIMARCAS,Equipo pesado,GUADALAJARA,JALISCO,44960,93877302," $7,755.00 "," $6,240 "," $1,515 ", $-   ,7.00,0,7,12,2023,Spark,Chevrolet,2013,SI,
Guadalajara,2,TALLER DE CARROCERIA Y PINTURA  2,MULTIMARCAS,Equipo pesado,GUADALAJARA,JALISCO,44960,69775221," $44,311.00 "," $42,361 "," $1,950 ", $-   ,10.00,0,0,12,2023,Ibiza,SEAT,2023,SI,
Guadalajara,2,TALLER DE CARROCERIA Y PINTURA  2,MULTIMARCAS,Equipo pesado,GUADALAJARA,JALISCO,44960,74009096," $23,784.00 "," $22,164 "," $1,620 ", $-   ,13.00,0,2,12,2023,Escape,Ford,2017,SI,
Guadalajara,2,TALLER DE CARROCERIA Y PINTURA  2,MULTIMARCAS,Equipo pesado,GUADALAJARA,JALISCO,44960,23930302," $19,169.60 "," $18,300 ", $870 , $-   ,8.00,1,,12,2023,Ibiza,SEAT,2020,SI,
Guadalajara,2,TALLER DE CARROCERIA Y PINTURA  2,MULTIMARCAS,Equipo pesado,GUADALAJARA,JALISCO,44960,13836996, $825.00 , $720 , $105 , $-   ,2.00,0,2,12,2023,Yaris,Toyota,2007,SI,
Guadalajara,2,TALLER DE CARROCERIA Y PINTURA  2,MULTIMARCAS,Equipo pesado,GUADALAJARA,JALISCO,44960,60323568," $6,720.00 "," $4,575 "," $2,145 ", $-   ,13.00,1,6,12,2023,Tornado,Chevrolet,2020,SI,
Guadalajara,2,TALLER DE CARROCERIA Y PINTURA  2,MULTIMARCAS,Equipo pesado,GUADALAJARA,JALISCO,44960,42757111," $27,155.00 "," $25,280 "," $1,875 ", $-   ,7.00,0,4,12,2023,Beat,Chevrolet,2019,SI,
Mexico,4,TALLER DE CARROCERIA Y PINTURA  4,MULTIMARCAS,Motos,BENITO JUAREZ,CIUDAD DE MEXICO,3400,94546817," $23,300.00 "," $23,200 ", $100 , $-   ,1.00,0,15,12,2023,Jetta,Volkswagen,2016,SI,
Mexico,4,TALLER DE CARROCERIA Y PINTURA  4,MULTIMARCAS,Motos,BENITO JUAREZ,CIUDAD DE MEXICO,3400,30522231," $4,935.00 "," $4,140 ", $795 , $-   ,3.00,0,,12,2023,hilux,Toyota,2022,SI,
Mexico,4,TALLER DE CARROCERIA Y PINTURA  4,MULTIMARCAS,Motos,BENITO JUAREZ,CIUDAD DE MEXICO,3400,98263893," $8,714.00 "," $8,234 ", $480 , $-   ,3.00,0,,12,2023,Transpoter,Volkswagen,2017,SI,
Mexico,4,TALLER DE CARROCERIA Y PINTURA  4,MULTIMARCAS,Motos,BENITO JUAREZ,CIUDAD DE MEXICO,3400,52908237," $97,626.00 "," $89,736 "," $7,890 ", $-   ,23.00,0,6,12,2023,Polo,Volkswagen,2015,SI,
Mexico,4,TALLER DE CARROCERIA Y PINTURA  4,MULTIMARCAS,Motos,BENITO JUAREZ,CIUDAD DE MEXICO,3400,73556135," $9,869.00 "," $9,299 ", $570 , $-   ,8.00,0,0,12,2023,Figo,Ford,2016,SI,
Mexico,4,TALLER DE CARROCERIA Y PINTURA  4,MULTIMARCAS,Motos,BENITO JUAREZ,CIUDAD DE MEXICO,3400,78779542," $6,018.00 "," $3,918 "," $2,100 ", $-   ,9.00,0,16,12,2023,Ranger,Ford,2005,SI,
